-- MySQL dump 10.13  Distrib 8.0.41, for Linux (x86_64)
--
-- Host: localhost    Database: inventrix_dev_db
-- ------------------------------------------------------
-- Server version	8.0.41-0ubuntu0.22.04.1

/*!40101 SET @OLD_CHARACTER_SET_CLIENT=@@CHARACTER_SET_CLIENT */;
/*!40101 SET @OLD_CHARACTER_SET_RESULTS=@@CHARACTER_SET_RESULTS */;
/*!40101 SET @OLD_COLLATION_CONNECTION=@@COLLATION_CONNECTION */;
/*!50503 SET NAMES utf8mb4 */;
/*!40103 SET @OLD_TIME_ZONE=@@TIME_ZONE */;
/*!40103 SET TIME_ZONE='+00:00' */;
/*!40014 SET @OLD_UNIQUE_CHECKS=@@UNIQUE_CHECKS, UNIQUE_CHECKS=0 */;
/*!40014 SET @OLD_FOREIGN_KEY_CHECKS=@@FOREIGN_KEY_CHECKS, FOREIGN_KEY_CHECKS=0 */;
/*!40101 SET @OLD_SQL_MODE=@@SQL_MODE, SQL_MODE='NO_AUTO_VALUE_ON_ZERO' */;
/*!40111 SET @OLD_SQL_NOTES=@@SQL_NOTES, SQL_NOTES=0 */;

--
-- Dumping data for table `categories`
--

LOCK TABLES `categories` WRITE;
/*!40000 ALTER TABLE `categories` DISABLE KEYS */;
INSERT INTO `categories` (`name`, `description`, `id`, `created_at`, `updated_at`) VALUES ('Drywall & Acoustical (MOB)','Horizontal content-based orchestration','0281c6c0-356f-48b0-833d-1eed161c0c0d','2024-08-07 20:21:17','2025-03-12 14:22:46'),('Fire Sprinkler System','De-engineered intermediate encryption','05dde1e0-59cd-43f7-886d-ab5b75b9685f','2024-06-16 08:00:20','2024-03-26 00:01:07'),('Ornamental Railings','Profit-focused non-volatile analyzer','0b890b91-6e39-4abd-b039-379502509c3c','2025-01-15 12:10:30','2024-07-04 05:30:50'),('Epoxy Flooring','Front-line 5th generation complexity','1169a0bf-2ad3-492f-8c22-5e068579b241','2025-02-16 12:09:55','2024-11-05 01:32:18'),('Drywall & Acoustical (FED)','Innovative system-worthy solution','7317db2d-ac5f-4b30-9d46-765587af9d60','2024-09-22 06:03:52','2024-07-31 07:00:18'),('Masonry','Polarised even-keeled instruction set','9490485f-a86e-4fbd-8b2f-ccec0e44aacf','2025-02-14 15:50:44','2024-04-05 19:42:31'),('Roofing (Metal)','Optional local service-desk','a696d336-d3ad-437d-913c-4940df152a3a','2024-03-11 00:58:37','2024-04-26 09:53:15'),('Curb & Gutter','Automated intangible matrices','d9d32275-c6d4-48ee-bb9d-c1433c286fcc','2024-04-05 23:42:23','2024-04-21 07:27:16'),('Wall Protection','Organized directional conglomeration','dc8f4ab9-2051-4c5f-8070-e6a1b1b5f3b6','2024-10-09 23:06:45','2024-10-14 00:40:23'),('Prefabricated Aluminum Metal Canopies','Balanced 24/7 matrix','df6ae42a-43f7-4e0c-ae9c-df5c38da9d7c','2024-10-12 09:02:38','2025-01-05 10:33:47');
/*!40000 ALTER TABLE `categories` ENABLE KEYS */;
UNLOCK TABLES;

--
-- Dumping data for table `customers`
--

LOCK TABLES `customers` WRITE;
/*!40000 ALTER TABLE `customers` DISABLE KEYS */;
INSERT INTO `customers` (`name`, `phone`, `email`, `address`, `id`, `created_at`, `updated_at`) VALUES ('Helen-elizabeth Broadbear','(843) 707-0175','helenelizabeth.broadbear@yahoo.com','9096 Carbone Place, Charleston, South Carolina, United States, 29403','00d2fb0b-70ba-4073-87be-e4391599af9f','2024-03-11 11:56:04','2024-03-19 18:41:05'),('Donall Flag','(816) 379-5376','donall.flag@yahoo.com.au','979 Birch Avenue, Kansas City, Missouri, United States, 64125','012aa7c6-1c35-41c9-be95-6b75d7294534','2024-03-11 13:47:25','2024-03-13 03:10:14'),('Chico Wade','(915) 751-9789','chico.wade@gmail.com','12791 Rosa Path, El Paso, Texas, United States, 88530','037453ac-9cea-426b-b483-98747e65756c','2024-03-11 09:01:57','2024-03-19 05:18:31'),('Hayes Ludlem','(303) 255-1052','hayes.ludlem@blueyonder.co.uk','2736 Rieves Drive, Littleton, Colorado, United States, 80126','052fd126-890b-47d6-b3a3-9c48a94ea254','2024-03-11 09:06:38','2024-03-13 21:01:16'),('Oswell Comelini','(305) 518-7945','oswell.comelini@gmail.com','7564 Almeria Street, Hialeah, Florida, United States, 33013','0700ad42-f751-436a-a0d9-9b4558be3b93','2024-03-11 13:00:03','2024-03-15 14:43:40'),('Jackie Ivanishchev','(850) 714-7133','jackie.ivanishchev@yahoo.com','13494 Tompkins Street, Tallahassee, Florida, United States, 32314','0ae1ad0c-e4ef-4346-a2e0-005e40e5a45d','2024-03-11 16:24:33','2024-03-11 22:16:41'),('Gregory Giacomini','(202) 606-0164','gregory.giacomini@googlemail.com','11092 Tarpon Lane, Washington, District of Columbia, United States, 20099','0c2a7a30-4aa4-4f69-9b26-8bd9589ef8b5','2024-03-11 16:52:51','2024-03-18 07:29:12'),('Mamie Hymers','(317) 055-6636','mamie.hymers@gmail.com','6103 Kelly Place, Indianapolis, Indiana, United States, 46295','1565d2d7-a384-4401-b83d-3e7cc27f5e47','2024-03-11 09:53:47','2024-03-12 06:26:17'),('Ammamaria Robelin','(505) 048-2155','ammamaria.robelin@comcast.net','14070 Newberry Court, Albuquerque, New Mexico, United States, 87195','16771859-8d32-4a73-94f5-ba2063a10aaa','2024-03-11 11:18:03','2024-03-20 23:56:34'),('Marieann Orpen','(210) 653-7825','marieann.orpen@hotmail.com','1579 Rowesville Lane, San Antonio, Texas, United States, 78285','1b9645e2-8a19-45fb-8167-9f01914cad41','2024-03-11 13:05:25','2024-03-18 02:01:47'),('Rachelle Danilovic','(209) 793-0060','rachelle.danilovic@gmail.com','1384 Budny Avenue, Modesto, California, United States, 95397','1e118b72-bdd9-4982-b37b-db1cfeae5197','2024-03-11 09:27:27','2024-03-20 11:11:24'),('Carolan Gay','(281) 009-8716','carolan.gay@yahoo.com','7456 Markward Drive, Houston, Texas, United States, 77085','211c0b98-7e6b-44bb-b513-c423dfbe08c3','2024-03-11 16:50:43','2024-03-13 04:56:20'),('Nels Treble','(419) 378-5712','nels.treble@hotmail.com','10691 Ashgrove Terrace, Toledo, Ohio, United States, 43699','2201ce99-dd00-4a25-9e8c-35706d4ccf2e','2024-03-11 08:58:25','2024-03-17 10:16:14'),('Prescott Eblein','(605) 957-6031','prescott.eblein@yahoo.com.au','3378 Lake Miona Drive, Sioux Falls, South Dakota, United States, 57105','24d4df48-5223-4c8c-a619-0200979947c3','2024-03-11 11:36:52','2024-03-16 11:52:15'),('Abbi Ainscow','(260) 770-7203','abbi.ainscow@yahoo.com','11008 Lone Palm Avenue, Fort Wayne, Indiana, United States, 46825','25a04141-86a8-4364-9198-76374246c0f6','2024-03-11 16:39:57','2024-03-12 14:57:01'),('Ketty Ivison','(813) 947-5218','ketty.ivison@gmail.com','3373 Wildwood Court, Clearwater, Florida, United States, 33758','27acceb0-910c-4d37-8f55-d502045b2df7','2024-03-11 17:17:06','2024-03-15 00:25:12'),('Addison Ivanyushkin','(215) 898-6174','addison.ivanyushkin@yahoo.com','718 Eldra Loop, Philadelphia, Pennsylvania, United States, 19125','2a4d6dcd-009d-44d2-adfb-a5d95b4c7444','2024-03-11 11:51:01','2024-03-11 16:13:50'),('Shelagh Carsey','(626) 449-4725','shelagh.carsey@hotmail.com','5681 Kimberwicke Avenue, Pasadena, California, United States, 91186','2d27b1ea-1f61-453a-8adb-86eb4e2f5ac2','2024-03-11 12:19:37','2024-03-16 08:46:32'),('Corliss Chezier','(309) 135-6581','corliss.chezier@yahoo.com','818 Dadeo Place, Carol Stream, Illinois, United States, 60351','2ded8fb3-2ed4-4d23-8374-ed3f502b560e','2024-03-11 15:36:04','2024-03-19 07:45:42'),('Homere Fleury','(505) 924-8564','homere.fleury@hotmail.com','14686 Rio Grande Avenue, Albuquerque, New Mexico, United States, 87201','36505dfa-7643-49a9-a722-b68fec4448fd','2024-03-11 12:35:56','2024-03-16 11:20:47'),('Juditha Savaage','(415) 205-8756','juditha.savaage@hotmail.com','1449 Hammock Lane, Oakland, California, United States, 94616','39a2b52f-28c8-43d8-a444-bebd00945713','2024-03-11 09:59:38','2024-03-17 01:12:37'),('Brock Warhurst','(212) 629-4628','brock.warhurst@yahoo.com','3830 Tweedside Loop, New York City, New York, United States, 10160','3b0f0625-97f1-4873-848b-8508b302fcb5','2024-03-11 13:11:33','2024-03-14 14:50:10'),('Crissy McGarry','(612) 936-7645','crissy.mcgarry@gmail.com','7814 Watch Hill Street, Saint Paul, Minnesota, United States, 55114','3b2ada03-c3da-44d9-b1c6-fff60b5c9c15','2024-03-11 08:54:32','2024-03-15 05:43:37'),('Glynda Harbard','(770) 175-9363','glynda.harbard@gmail.com','32 Boatwright Avenue, Lawrenceville, Georgia, United States, 30245','3c2416dd-ae83-40eb-8819-665cc13a41b4','2024-03-11 17:01:29','2024-03-20 18:24:06'),('Hebert Hefferan','(410) 805-2148','hebert.hefferan@bellsouth.net','10868 Benitez Street, Baltimore, Maryland, United States, 21211','3d57649f-152f-4474-8d48-aa08a811c491','2024-03-11 14:50:14','2024-03-11 15:17:43'),('Cora Caen','(661) 599-2355','cora.caen@hotmail.com','12462 Morgan Street, Bakersfield, California, United States, 93311','417861e1-ece5-487c-9266-0de24693a9a3','2024-03-11 14:34:13','2024-03-15 04:24:34'),('Jerrome Malkie','(719) 828-4312','jerrome.malkie@gmail.com','2520 Delong Place, Colorado Springs, Colorado, United States, 80925','43ca7667-97b8-490f-89eb-257dc961106e','2024-03-11 09:16:56','2024-03-12 09:25:55'),('Priscella Corkel','(509) 811-3123','priscella.corkel@hotmail.com','3718 Hanson Terrace, Spokane, Washington, United States, 99220','44f140d4-7530-4832-b412-743c6677561e','2024-03-11 16:41:25','2024-03-13 06:59:27'),('Miltie Lantuffe','(757) 792-1642','miltie.lantuffe@gmail.com','10349 Tatman Terrace, Newport News, Virginia, United States, 23612','46a09bd4-9f1d-4d4e-b3c3-2c2ae8ee1d6f','2024-03-11 11:07:40','2024-03-13 05:46:03'),('Riobard Sykora','(337) 181-7378','riobard.sykora@gmail.com','5687 VanBeck Circle, Lake Charles, Louisiana, United States, 70616','47290494-b6bd-4d5e-ac84-4b08bf176d8e','2024-03-11 14:40:17','2024-03-11 19:15:40'),('Iain Keetch','(202) 270-5190','iain.keetch@msn.com','3091 Coward Court, Washington, District of Columbia, United States, 20099','47e60585-bcee-435c-a40d-70ab0dfce3bb','2024-03-11 09:55:34','2024-03-20 01:14:55'),('Ronna Lockyer','(623) 604-4958','ronna.lockyer@yahoo.com','13798 Allende Avenue, Phoenix, Arizona, United States, 85015','4882c7fb-dbb4-49cf-9874-7cfe0afb3b8d','2024-03-11 10:31:01','2024-03-13 18:01:57'),('Torry Oldall','(405) 981-9198','torry.oldall@bellsouth.net','10769 Travelers Rest Court, Oklahoma City, Oklahoma, United States, 73114','4d6b9824-2ece-42d2-92bb-9abcff91e510','2024-03-11 08:44:27','2024-03-14 08:54:10'),('Keane Cuttles','(734) 131-8761','keane.cuttles@yahoo.com','6469 Yale Court, Detroit, Michigan, United States, 48211','4e4e4979-95ee-4378-ad3e-999189a7b165','2024-03-11 14:22:48','2024-03-14 11:44:43'),('Brandi Simison','(912) 449-4039','brandi.simison@aol.com','7339 Harlow Lane, Savannah, Georgia, United States, 31416','4e71694c-1ded-4582-8db4-f10427b57d7b','2024-03-11 15:10:52','2024-03-19 15:22:16'),('Cathrin Friedenbach','(972) 848-8825','cathrin.friedenbach@hotmail.com','12599 Van Buren Way, Dallas, Texas, United States, 75221','554f8f29-1b6f-4d61-a784-1ddbe80b0f36','2024-03-11 13:24:48','2024-03-12 07:31:21'),('Alicea Adamovicz','(970) 864-4457','alicea.adamovicz@gmail.com','2704 Fortnier Street, Fort Collins, Colorado, United States, 80525','56dc5163-e3d0-43ba-ad35-0bdefe71b908','2024-03-11 09:32:52','2024-03-16 00:06:21'),('Erl Sworn','(503) 621-5095','erl.sworn@live.com','11068 Joedy Carter Path, Portland, Oregon, United States, 97229','58ae499f-31ef-4e16-935c-16bedd5bdfe8','2024-03-11 09:41:06','2024-03-18 16:49:45'),('Lionel Dosedale','(201) 167-5775','lionel.dosedale@gmail.com','8912 Kenilworth Place, Jersey City, New Jersey, United States, 07305','58f1331d-9f97-49a7-8144-587bf9c55cb8','2024-03-11 08:26:19','2024-03-18 07:29:54'),('Catharine Arrell','(610) 062-1767','catharine.arrell@alice.it','7644 Carroll Court, Allentown, Pennsylvania, United States, 18105','5a6cb0e1-dbd3-4fe3-9eb0-3bce7b6bc5c5','2024-03-11 16:01:32','2024-03-15 00:40:37'),('Devora Gainsboro','(901) 617-0316','devora.gainsboro@yahoo.com','3838 Red Cedar Lane, Memphis, Tennessee, United States, 38136','5d0b0d9f-9687-45f5-bc42-59453e3eeecd','2024-03-11 16:22:17','2024-03-16 23:01:03'),('Augy Crilly','(202) 069-7609','augy.crilly@hotmail.com','3287 Forest Acres Drive, Washington, District of Columbia, United States, 20430','5ddf4f44-0eb1-456e-ae0f-21307cc1ae2a','2024-03-11 10:07:54','2024-03-18 03:56:36'),('Callean Pummell','(615) 579-3853','callean.pummell@hotmail.co.uk','13596 Blickley Place, Nashville, Tennessee, United States, 37205','5fb4e65c-1866-4690-b29e-285cfcd9c9e5','2024-03-11 11:01:54','2024-03-20 10:31:50'),('Kurtis Ithell','(904) 817-5059','kurtis.ithell@bellsouth.net','92 Turnberry Lane, Jacksonville, Florida, United States, 32204','61098f02-287b-417b-a86a-67746d3cc996','2024-03-11 15:14:24','2024-03-14 02:40:56'),('Angelina Heyns','(626) 495-9350','angelina.heyns@yahoo.com','11469 Tranquility Lane, Pasadena, California, United States, 91103','64152dea-a884-4272-bcc1-f6cb329c4c73','2024-03-11 11:42:36','2024-03-14 01:24:52'),('Gwenette Paintain','(281) 738-3970','gwenette.paintain@gmail.com','7985 Mcdowell Drive, Galveston, Texas, United States, 77554','671c4470-7277-482d-aab7-d850738a6557','2024-03-11 14:41:57','2024-03-16 02:53:46'),('Hilly Sweetsur','(503) 514-0361','hilly.sweetsur@hotmail.com','6687 Greg Terrace, Portland, Oregon, United States, 97221','689b3f7e-4e08-4a32-8ec1-4116646e49c3','2024-03-11 15:37:18','2024-03-20 16:46:42'),('Gwen Beteriss','(304) 067-4278','gwen.beteriss@gmail.com','2977 Sea Oats Lane, Charleston, West Virginia, United States, 25321','69c30f30-95d7-416b-aa14-e8dd924ee8d9','2024-03-11 12:05:05','2024-03-18 08:45:20'),('Virgilio Livett','(651) 828-9878','virgilio.livett@aliceadsl.fr','9739 St. Michael Lane, Minneapolis, Minnesota, United States, 55407','6bf00b81-0c81-4bd9-b5d7-262258e70c88','2024-03-11 14:58:54','2024-03-14 19:40:56'),('Llewellyn Cowen','(336) 456-1287','llewellyn.cowen@yahoo.it','12007 Powhite Place, Greensboro, North Carolina, United States, 27425','7491ac97-2209-42a1-a3cc-5a74d61b006a','2024-03-11 11:26:32','2024-03-14 07:05:09'),('Tallia Vigurs','(936) 799-9379','tallia.vigurs@hotmail.com','12359 Baldeschwieler Way, Conroe, Texas, United States, 77305','75e607a4-99de-4fb5-aa84-51d3527474c4','2024-03-11 08:51:25','2024-03-15 14:27:43'),('Debee Peschmann','(214) 912-2807','debee.peschmann@yahoo.com','1544 Burns Drive, Dallas, Texas, United States, 75387','7869d421-bf37-4482-bd12-e39339224e88','2024-03-11 12:33:26','2024-03-15 15:41:48'),('Dionysus Bretherton','(404) 896-7979','dionysus.bretherton@gmail.com','14731 Rogers Road, Atlanta, Georgia, United States, 30356','7e178160-8a37-4dfd-a6c6-420be078780e','2024-03-11 10:33:41','2024-03-15 06:44:24'),('Carmon Laraway','(757) 364-3691','carmon.laraway@yahoo.com','11731 Benavides Drive, Newport News, Virginia, United States, 23612','80520722-0f96-4121-a5e7-8b3f996f187a','2024-03-11 10:57:10','2024-03-13 22:34:06'),('Gianni Daubeny','(775) 252-7874','gianni.daubeny@hotmail.com','8263 San Felipe Lane, Reno, Nevada, United States, 89595','8318a97a-81cf-4067-89f9-6ddd63c174ad','2024-03-11 15:06:09','2024-03-16 18:31:21'),('Rafaelia Boam','(571) 029-5536','rafaelia.boam@hotmail.com','5113 Castano Place, Alexandria, Virginia, United States, 22333','838ec34f-41ef-4f78-a360-c62eac28ab18','2024-03-11 13:36:10','2024-03-17 02:25:08'),('Jobina Tomkys','(618) 708-5187','jobina.tomkys@hotmail.com','14264 Delbagno Court, East Saint Louis, Illinois, United States, 62205','8dfa7ccc-e0bf-4540-b963-4fc7b20f4840','2024-03-11 11:31:57','2024-03-20 17:12:34'),('Woodman Devinn','(847) 006-0600','woodman.devinn@gmail.com','8523 Rhapsody Path, Evanston, Illinois, United States, 60208','8ecb6d42-9a3f-4862-8237-a6f98aa93823','2024-03-11 13:37:28','2024-03-18 22:14:09'),('Carlina Briamo','(210) 941-2174','carlina.briamo@orange.fr','4788 Keisa Street, San Antonio, Texas, United States, 78278','90053e13-393d-4c60-9cf9-d15bdd8bc55d','2024-03-11 10:47:48','2024-03-20 00:23:42'),('Lilias Lambole','(540) 997-3475','lilias.lambole@hotmail.com','953 Ritch Road, Roanoke, Virginia, United States, 24009','95d16bca-e431-4256-b034-fe336023b1e4','2024-03-11 11:06:00','2024-03-14 05:06:33'),('Timothee Grushin','(614) 717-5556','timothee.grushin@yahoo.com','10498 Palownia Loop, Columbus, Ohio, United States, 43231','990bda96-b9d8-4fd2-888d-0e31e4f2c9cc','2024-03-11 08:24:58','2024-03-21 01:49:08'),('Kenna Tidridge','(864) 851-2931','kenna.tidridge@gmail.com','546 Kincord Court, Spartanburg, South Carolina, United States, 29305','99c5aea5-5d7e-483f-a43e-f2dc53cbbc48','2024-03-11 10:40:10','2024-03-16 03:49:29'),('Darrick Ruckhard','(209) 197-2332','darrick.ruckhard@yahoo.com','14867 Brusko Drive, Fresno, California, United States, 93726','9c15d6c5-373c-45c3-b1cd-a3fd525749f4','2024-03-11 12:58:44','2024-03-20 00:28:38'),('Cornelius Ackred','(478) 486-2412','cornelius.ackred@gmail.com','11282 Keckonen Drive, Macon, Georgia, United States, 31296','9d2fe8c4-a367-4f31-a1bf-c5d42c3b56e5','2024-03-11 12:43:05','2024-03-17 17:26:58'),('Conrado Craister','(574) 059-4495','conrado.craister@yahoo.com','5123 Heathrow Avenue, South Bend, Indiana, United States, 46620','9fab5a11-8373-4d69-81da-89702a241e93','2024-03-11 15:29:11','2024-03-21 06:39:19'),('Herschel Cosson','(406) 218-0965','herschel.cosson@aol.com','8335 Hatch Lane, Helena, Montana, United States, 59623','a023fc1f-0756-42fa-95a3-77fc885d011b','2024-03-11 08:39:45','2024-03-12 18:17:13'),('Peyton Beattie','(601) 762-4635','peyton.beattie@hotmail.com','1849 Tracy Drive, Jackson, Mississippi, United States, 39210','a2a4f52c-04e5-4d36-ab9f-7ff85b030de8','2024-03-11 14:13:52','2024-03-14 10:38:19'),('Deloris Cordaroy','(910) 065-5681','deloris.cordaroy@yahoo.com','8665 Avecilla Drive, Wilmington, North Carolina, United States, 28405','a5af64a1-9653-4c86-85a8-795d3e2bde8b','2024-03-11 09:14:29','2024-03-15 10:00:11'),('Allyn Churching','(402) 641-7521','allyn.churching@yahoo.com','9955 Crestwood Lane, Omaha, Nebraska, United States, 68144','aa6d2eec-0cf1-4fce-887a-1a4d2f5ef8f0','2024-03-11 17:05:31','2024-03-20 09:58:39'),('Anabelle Debling','(210) 204-3547','anabelle.debling@hotmail.com','11914 Boyso Terrace, San Antonio, Texas, United States, 78205','aae71950-525b-4295-a8bb-c31730d1f675','2024-03-11 15:19:27','2024-03-21 00:26:04'),('Gweneth Lambertazzi','(320) 505-3730','gweneth.lambertazzi@yandex.ru','6146 Kim Porter Way, Saint Cloud, Minnesota, United States, 56398','ac1a62db-a27f-4420-8f30-c317e713a5ca','2024-03-11 16:32:54','2024-03-18 15:39:55'),('Ambur Scollan','(718) 500-3809','ambur.scollan@hotmail.com','9903 Gravel Court, New York City, New York, United States, 10004','b0ef533b-c60f-47d7-99aa-51a165152f80','2024-03-11 14:05:49','2024-03-17 15:07:51'),('Concettina Piet','(210) 640-3589','concettina.piet@wanadoo.fr','13524 Starr Lane, San Antonio, Texas, United States, 78225','b5b61206-d71f-4d36-8894-aa19109139a6','2024-03-11 10:16:11','2024-03-17 16:01:11'),('Carlie Lezemore','(202) 653-6639','carlie.lezemore@yahoo.com','5159 Escobar Avenue, Washington, District of Columbia, United States, 20540','bcd6acbc-7f32-45cd-a413-89e1101e5646','2024-03-11 16:15:18','2024-03-14 23:35:21'),('Brady Rosendahl','(734) 863-3701','brady.rosendahl@gmail.com','8570 Hanes Avenue, Southfield, Michigan, United States, 48076','bea1f27f-eb31-47ef-8192-98bf07b6d907','2024-03-11 12:09:49','2024-03-17 04:43:52'),('Zacherie Lanfranchi','(520) 832-4932','zacherie.lanfranchi@aol.com','624 Inkwood Lane, Tucson, Arizona, United States, 85715','bed6909e-048a-4bf9-ad6e-0334ec884511','2024-03-11 11:15:50','2024-03-13 04:52:22'),('Nowell Leile','(901) 685-6530','nowell.leile@hotmail.com','12819 Auburndale Avenue, Memphis, Tennessee, United States, 38119','bf26e099-69e7-4634-ae8f-cf108091c9c9','2024-03-11 14:27:35','2024-03-20 05:43:32'),('Ethelred Cowup','(915) 513-6349','ethelred.cowup@aol.com','9106 Chisholm Place, El Paso, Texas, United States, 88546','c0fb6e99-fb31-4dd2-803d-d1ecd1b347d4','2024-03-11 13:32:08','2024-03-18 17:13:10'),('Mignon Feacham','(415) 855-8921','mignon.feacham@yahoo.com','13599 Gadsden Place, San Francisco, California, United States, 94164','c1dec4f7-dd53-4027-8efa-6ec2b6ae9517','2024-03-11 14:03:34','2024-03-18 21:53:30'),('Philippine Gilhool','(727) 025-3991','philippine.gilhool@aol.com','7125 Keel Court, Clearwater, Florida, United States, 34629','c47d5805-6ffe-41e4-8892-b722a6964106','2024-03-11 15:53:55','2024-03-17 16:33:25'),('Jessee MacVagh','(606) 403-0385','jessee.macvagh@gmail.com','843 Duarte Lane, London, Kentucky, United States, 40745','c5570f37-30ee-4ab7-87c1-2f44b1270776','2024-03-11 13:18:23','2024-03-15 21:40:30'),('Joelie Digwood','(952) 985-1029','joelie.digwood@gmail.com','833 Deveaux Lane, Young America, Minnesota, United States, 55557','ca7ff114-01ac-4f03-be6d-88c2dbd659bb','2024-03-11 17:11:21','2024-03-20 21:14:20'),('Dilly Shiril','(608) 811-6009','dilly.shiril@live.co.uk','1681 Biltmore Avenue, Madison, Wisconsin, United States, 53716','ce4576cf-41d2-4982-af53-90e0e34d93d6','2024-03-11 10:23:23','2024-03-13 18:02:18'),('Teddy Kulic','(661) 551-3241','teddy.kulic@mail.ru','12726 Rockingham Road, Bakersfield, California, United States, 93399','ce512c7a-ddac-48de-8331-2cbba5aeee11','2024-03-11 12:28:46','2024-03-21 11:27:21'),('Gene Itzkovici','(205) 635-1674','gene.itzkovici@hotmail.com','12447 Eduardo Place, Birmingham, Alabama, United States, 35215','d4d1083a-c9bc-4101-94bc-e162e1144dfa','2024-03-11 14:25:53','2024-03-18 10:31:21'),('Kipp Noyes','(910) 688-7321','kipp.noyes@hotmail.com','11607 Merryweather Way, Fayetteville, North Carolina, United States, 28305','d7d9b3ec-bc56-4b3f-955a-357fabd70e34','2024-03-11 12:52:25','2024-03-13 19:02:53'),('Cristina Douce','(786) 242-9067','cristina.douce@gmail.com','11743 Norland Avenue, Homestead, Florida, United States, 33034','dacccf09-5817-4144-9e09-6aa390a41fa7','2024-03-11 12:25:17','2024-03-15 06:04:28'),('Dominic Crutchley','(509) 756-6183','dominic.crutchley@gmail.com','14067 Magnolia Avenue, Yakima, Washington, United States, 98907','db74d7e7-edef-4a51-8477-b7ef977c5f99','2024-03-11 11:43:42','2024-03-21 06:08:13'),('Arturo Lavigne','(770) 031-7962','arturo.lavigne@yahoo.com','13882 Wayside Place, Marietta, Georgia, United States, 30066','dcc09dc4-7a1d-46e7-9e0c-01eb2d2b05a1','2024-03-11 14:30:27','2024-03-21 10:37:35'),('Hortense Opdenort','(407) 737-1802','hortense.opdenort@aol.com','4293 Zientara Loop, Orlando, Florida, United States, 32859','e9459184-10cf-401d-9581-1fb0415af586','2024-03-11 08:32:47','2024-03-13 23:47:05'),('Orson Warman','(330) 607-7567','orson.warman@comcast.net','3620 Brooks Avenue, Warren, Ohio, United States, 44485','ecc48017-5af7-48ca-bea1-e95305cbc5ff','2024-03-11 16:47:40','2024-03-17 11:44:13'),('Barbee Hornbuckle','(973) 241-2478','barbee.hornbuckle@gmail.com','8948 Denmark Place, Newark, New Jersey, United States, 07112','ee888511-bb61-4998-a9c2-f72f8b40ff29','2024-03-11 09:45:59','2024-03-20 13:59:21'),('Susan Gunthorp','(269) 905-7820','susan.gunthorp@yahoo.es','7483 Anvil Avenue, Kalamazoo, Michigan, United States, 49006','f46d98d6-c755-4bfd-b41e-11916f065477','2024-03-11 08:49:24','2024-03-19 17:37:09'),('Mason Nana','(754) 845-7703','mason.nana@gmail.com','12979 Govan Place, Fort Lauderdale, Florida, United States, 33345','f5329512-1153-4f9b-8d49-e920f57c9082','2024-03-11 15:46:24','2024-03-13 19:28:11'),('Joel Bowcock','(405) 746-3174','joel.bowcock@ymail.com','3800 Ansley Path, Oklahoma City, Oklahoma, United States, 73197','f8392455-f6a4-472d-82d5-d8098d607c81','2024-03-11 13:55:12','2024-03-17 16:42:52'),('Rhodie Longford','(212) 069-6335','rhodie.longford@msn.com','9334 Delia Place, New York City, New York, United States, 10249','f99d11f6-94cd-480c-9818-5e527f8bee1c','2024-03-11 16:06:17','2024-03-20 06:22:37'),('Carma Bazire','(616) 252-1785','carma.bazire@hotmail.com','1134 Belknap Avenue, Grand Rapids, Michigan, United States, 49518','fb320d89-93c5-4e4f-b1db-8b4326aea206','2024-03-11 15:59:58','2024-03-14 16:16:12'),('Adolf Gurr','(304) 723-5322','adolf.gurr@yahoo.co.uk','14956 St. Andrews Court, Huntington, West Virginia, United States, 25726','fd32d6ec-eabb-403f-bdf5-e857567e5ac4','2024-03-11 09:24:49','2024-03-11 19:33:26'),('Royal Baseley','(714) 224-8829','royal.baseley@hotmail.it','2079 Umatilla Way, Irvine, California, United States, 92612','fd4d52c0-8840-449f-a65d-bf871bc51dac','2024-03-11 14:53:13','2024-03-21 05:20:46'),('Suzi Clarage','(786) 409-6394','suzi.clarage@aol.com','5508 Collins Court, Miami, Florida, United States, 33164','fffda29f-4688-4ee9-aa56-fe78933fac37','2024-03-11 16:36:36','2024-03-15 14:03:03');
/*!40000 ALTER TABLE `customers` ENABLE KEYS */;
UNLOCK TABLES;

--
-- Dumping data for table `products`
--

LOCK TABLES `products` WRITE;
/*!40000 ALTER TABLE `products` DISABLE KEYS */;
INSERT INTO `products` (`name`, `brand`, `model`, `description`, `sku`, `price`, `stock_quantity`, `category_id`, `reorder_level`, `id`, `created_at`, `updated_at`) VALUES ('Wi-Fi Enabled Smart Light Switch','Toshiba','TerraNova','Control your lights remotely with a smartphone app.','PJI-3069-AD',24.99,3577,'05dde1e0-59cd-43f7-886d-ab5b75b9685f',940,'0020c96c-3d1d-436c-bb49-3b95c3cedb2c','2024-03-11 08:24:58','2024-03-19 10:43:30'),('Maple Almond Butter','Sony','GX-720','Creamy almond butter sweetened with maple syrup for a delicious spread.','UGD-9013-NX',5.49,5398,'a696d336-d3ad-437d-913c-4940df152a3a',997,'014521a2-05a6-4eef-b57d-27da32631e6c','2024-03-11 10:35:52','2024-03-20 22:26:29'),('Electric Can Opener','GoPro','NatureEase Series','Automatic can opener for easy meal prep.','YJW-5607-HH',29.99,8905,'0281c6c0-356f-48b0-833d-1eed161c0c0d',311,'060eee16-00a5-4353-8c44-97ef1e73077a','2024-03-11 10:19:58','2024-03-12 12:55:45'),('Pet Leash','HP','GX-720','Durable pet leash with comfortable handle.','JRJ-1934-OA',15.99,2459,'0281c6c0-356f-48b0-833d-1eed161c0c0d',420,'09fd7a93-fe35-47df-bd58-bd252bef05f8','2024-03-11 15:39:54','2024-03-16 23:23:28'),('Thai Peanut Dressing','Lenovo','PixelMaster 12x','A creamy and tangy dressing perfect for salads or as a dipping sauce.','LEB-4764-ST',3.29,7241,'df6ae42a-43f7-4e0c-ae9c-df5c38da9d7c',913,'0a8a77ca-2664-4d83-a446-f7a8d34d1caa','2024-03-11 16:51:13','2024-03-16 15:52:59'),('Digital Thermostat','Sony','TerraNova','Programmable digital thermostat for home heating.','SSS-5407-VP',59.99,8502,'a696d336-d3ad-437d-913c-4940df152a3a',926,'0b60d988-5143-4a46-8046-c567f14bd96e','2024-03-11 15:48:45','2024-03-19 07:54:41'),('Honey Mustard Chicken Breasts','Toshiba','NatureEase Series','Marinated chicken breasts coated in a sweet honey mustard glaze.','NPR-5460-VQ',8.99,6656,'df6ae42a-43f7-4e0c-ae9c-df5c38da9d7c',489,'0ca301ae-5d53-406a-9a7c-bcd8708e5f3c','2024-03-11 11:11:13','2024-03-20 20:44:03'),('Ethically-Sourced Coffee Beans','GoPro','TerraNova','Freshly roasted coffee beans with rich flavor.','PZM-4623-OW',9.99,9797,'d9d32275-c6d4-48ee-bb9d-c1433c286fcc',890,'14622851-8a8d-419f-abc3-5f372eab4930','2024-03-11 13:18:10','2024-03-13 00:57:06'),('Children\'s Educational Workbook','Asus','Model A1','Activity workbook for early learning and fun.','HYM-6084-RK',12.99,3271,'0b890b91-6e39-4abd-b039-379502509c3c',720,'14a33aea-e671-46ed-8042-9dc6026b05c2','2024-03-11 11:04:46','2024-03-16 22:08:38'),('Fitness Balance Ball','HP','PixelMaster 12x','Stability ball for Pilates and yoga workouts.','WRQ-9789-WR',24.99,599,'05dde1e0-59cd-43f7-886d-ab5b75b9685f',240,'25d2dbaa-6255-43ef-bc41-dba5d26e4b73','2024-03-11 13:12:51','2024-03-20 03:57:02'),('Almond Butter','Panasonic','Model A1','Creamy almond butter made from roasted almonds.','CXJ-8630-HC',6.49,3624,'0b890b91-6e39-4abd-b039-379502509c3c',50,'29df5589-fa5a-4b2e-9326-ec280dfbef77','2024-03-11 16:43:04','2024-03-16 15:25:35'),('Artisan Bread','Microsoft','EcoSmart200','Freshly baked artisan bread, perfect for sandwiches or toasting.','BIE-2267-BA',4.59,3972,'a696d336-d3ad-437d-913c-4940df152a3a',195,'2a48367a-507f-49e1-99cc-c56d62e7192b','2024-03-11 16:22:54','2024-03-16 14:25:25'),('Harvest Grain Salad','Panasonic','TerraNova','A hearty salad with grains, dried fruits, and nuts.','VHQ-3565-RX',5.49,7103,'0b890b91-6e39-4abd-b039-379502509c3c',251,'2cfcc3b1-06b3-4a3e-acd5-e736bbaf9d79','2024-03-11 15:31:34','2024-03-14 03:20:23'),('Pineapple Coconut Yogurt','GoPro','CompactVersa 3000','Creamy yogurt blended with fresh pineapple and coconut pieces.','JLR-2136-SZ',4.49,9593,'0281c6c0-356f-48b0-833d-1eed161c0c0d',216,'2d189b5f-2936-4e2d-8b31-f718447f365b','2024-03-11 09:07:22','2024-03-20 14:44:26'),('Vacuum Sealer Machine','Intel','GX-720','Seal food and maintain freshness longer.','QNI-7987-NS',89.99,1579,'a696d336-d3ad-437d-913c-4940df152a3a',325,'3151f65d-f36c-40a0-8a64-034b1bf53980','2024-03-11 10:04:25','2024-03-13 17:09:02'),('Pasta Salad Kit','Canon','HyperTech10','All-in-one kit for making pasta salad easily.','SLB-9794-EX',5.99,3063,'df6ae42a-43f7-4e0c-ae9c-df5c38da9d7c',71,'357c261c-776f-4881-b650-23f4cd215e61','2024-03-11 09:42:08','2024-03-18 13:24:46'),('Roasted Garlic Aioli','NVIDIA','PixelMaster 12x','Flavored aioli made with roasted garlic','ICH-8524-PU',3.79,7717,'d9d32275-c6d4-48ee-bb9d-c1433c286fcc',496,'35c2301e-e28e-45ed-89c4-d7d0f5769ada','2024-03-11 09:35:31','2024-03-20 08:32:42'),('Crispy Kale Chips','Lenovo','UltraProMax','Baked kale chips seasoned for a healthy, crunchy snack.','SBW-6413-UX',2.99,3568,'1169a0bf-2ad3-492f-8c22-5e068579b241',712,'37b8c43e-2999-43b8-8fe7-81db6c07018c','2024-03-11 08:30:28','2024-03-12 03:34:45'),('Leather Crossbody Bag','Dell','TerraNova','A chic leather crossbody bag for everyday use.','ZYR-0402-YH',89.99,7577,'df6ae42a-43f7-4e0c-ae9c-df5c38da9d7c',482,'382e0595-2ce2-4195-97f4-6a366811f3d0','2024-03-11 12:15:17','2024-03-14 18:12:58'),('Cauliflower Gnocchi','Intel','TerraNova','Soft and pillowy gnocchi made from cauliflower, perfect with sauce.','HSR-6320-IQ',3.59,8141,'0281c6c0-356f-48b0-833d-1eed161c0c0d',468,'38afef96-5ca9-44ba-a2f3-5d8450f3316b','2024-03-11 13:34:43','2024-03-15 22:50:31'),('BBQ Jackfruit','Samsung','CompactVersa 3000','Tender jackfruit cooked in BBQ sauce, a delicious plant-based alternative.','YVT-6808-MB',4.29,8764,'dc8f4ab9-2051-4c5f-8070-e6a1b1b5f3b6',122,'3a0cd6f4-fb6d-42a0-bf8e-fb0d09b1c9c7','2024-03-11 12:31:39','2024-03-21 06:28:27'),('Honey Garlic Sauce','LG','HyperTech10','A delicious sauce perfect for stir-frying or glazing meats.','ASI-4441-VL',2.59,9206,'0281c6c0-356f-48b0-833d-1eed161c0c0d',925,'3a41e194-066b-4a08-b21b-f3c975a579da','2024-03-11 12:20:47','2024-03-15 13:11:07'),('Heated Throw Blanket','Panasonic','GX-720','Soft blanket that provides warmth with adjustable settings.','TTC-3483-SZ',49.99,2290,'7317db2d-ac5f-4b30-9d46-765587af9d60',736,'3ad16ac0-2a0c-4e81-96a3-5ac9c377b14f','2024-03-11 12:06:16','2024-03-16 21:25:37'),('Rice Pilaf Mix','Acer','GX-720','Quick and easy rice pilaf mix for side dishes.','QQC-4012-VO',2.59,1487,'d9d32275-c6d4-48ee-bb9d-c1433c286fcc',574,'3be1c4bd-0c7f-49ea-b5f6-3f94d598f928','2024-03-11 16:11:45','2024-03-12 13:20:25'),('Fleece Hoodie','Canon','EcoSmart200','Ultra-soft fleece hoodie for warmth and comfort during chilly days.','XTM-7513-YX',39.99,5465,'dc8f4ab9-2051-4c5f-8070-e6a1b1b5f3b6',879,'3cf89cd8-c667-4f94-89c7-323043e81a9c','2024-03-11 15:21:55','2024-03-17 22:43:23'),('Smartphone Camera Lens Kit','Sony','Model A1','Upgrade your phone photography with this lens kit that includes wide-angle and macro lenses.','QHG-2180-WU',19.99,8562,'7317db2d-ac5f-4b30-9d46-765587af9d60',882,'3dcf60b6-5bd1-492a-8642-7ed2118b46a5','2024-03-11 11:58:08','2024-03-11 17:08:51'),('Travel Pillow with Memory Foam','Acer','TerraNova','Ergonomically designed neck pillow for comfortable travel.','FCE-8029-LD',29.99,8099,'0281c6c0-356f-48b0-833d-1eed161c0c0d',279,'3eb3b040-de77-4ce2-850c-043e505d1d9f','2024-03-11 16:26:17','2024-03-16 01:56:20'),('Coconut Milk Ice Cream','Intel','TerraNova','Dairy-free ice cream made with coconut milk, creamy and delicious.','ZEF-9105-NV',6.99,9358,'0b890b91-6e39-4abd-b039-379502509c3c',738,'43073387-cd76-4d0e-8bde-30c7585ba529','2024-03-11 14:50:16','2024-03-12 04:58:59'),('Rechargeable Electric Toothbrush','Panasonic','PixelMaster 12x','Advanced electric toothbrush for effective cleaning.','KPI-2512-JE',49.99,5565,'1169a0bf-2ad3-492f-8c22-5e068579b241',175,'459cdba2-dad9-4cf9-8235-c3d31d9eb78c','2024-03-11 12:22:31','2024-03-14 10:32:19'),('Diced Tomatoes (canned)','Fujifilm','HyperTech10','Canned diced tomatoes, great base for sauces and soups.','JWP-7889-KA',1.49,3571,'0b890b91-6e39-4abd-b039-379502509c3c',773,'46039d6f-b6f8-494c-a9d5-894f58a1f6df','2024-03-11 08:35:35','2024-03-17 23:35:10'),('Basketball','GoPro','NatureEase Series','Official size basketball for indoor and outdoor play.','QUP-8495-LR',29.99,5427,'d9d32275-c6d4-48ee-bb9d-c1433c286fcc',668,'4610e4db-196c-426f-a96e-c749282bc9b1','2024-03-11 11:44:59','2024-03-12 07:58:45'),('Honey Sesame Chicken','Nikon','CompactVersa 3000','A delicious chicken dish featuring honey and sesame flavors.','NHZ-3163-RJ',8.99,9788,'05dde1e0-59cd-43f7-886d-ab5b75b9685f',386,'4a6c7f37-8a68-4c8b-93df-4b5f795de650','2024-03-11 13:39:21','2024-03-13 21:24:03'),('Fall-Themed Table Runner','GoPro','NatureEase Series','Decorative table runner perfect for autumn gatherings.','DHV-0693-FR',19.99,2959,'dc8f4ab9-2051-4c5f-8070-e6a1b1b5f3b6',50,'504f306c-0a4f-4e86-b0e3-1d650c8eb0e6','2024-03-11 16:46:55','2024-03-19 05:01:48'),('Pet Activity Tracker','Intel','PixelMaster 12x','GPS collar that monitors your pet\'s location and activity level.','LOB-7926-BL',59.99,6057,'1169a0bf-2ad3-492f-8c22-5e068579b241',103,'57684257-77af-4a3c-b3be-1a88f2ebe774','2024-03-11 11:33:30','2024-03-15 09:27:51'),('Fishing Tackle Box','Lenovo','Model A1','Organized tackle box for fishing gear.','WBQ-3761-QO',24.99,3949,'dc8f4ab9-2051-4c5f-8070-e6a1b1b5f3b6',742,'582e39ea-1e30-4293-b8aa-ea99908fd18b','2024-03-11 09:25:41','2024-03-17 12:13:57'),('Luxe Velvet Blazer','Microsoft','FlexiBuild','Elevate your outfit with this sophisticated velvet blazer.','MTB-1120-HF',89.99,9156,'0281c6c0-356f-48b0-833d-1eed161c0c0d',786,'596287a7-737e-4fcd-91e0-9d92630fa7a0','2024-03-11 09:51:01','2024-03-11 23:39:08'),('Dark Chocolate Covered Almonds','Canon','PixelMaster 12x','Roasted almonds dipped in rich dark chocolate.','JPS-0813-BJ',7.19,2704,'df6ae42a-43f7-4e0c-ae9c-df5c38da9d7c',9,'5b528bc3-6c3a-4b27-9ca1-c913d34dadd3','2024-03-11 15:13:42','2024-03-12 01:00:53'),('Wooden Blocks','NVIDIA','CompactVersa 3000','Classic wooden building blocks for toddlers.','FXJ-3459-BH',24.99,2986,'9490485f-a86e-4fbd-8b2f-ccec0e44aacf',409,'5d5f3591-d6ca-4b26-9a8b-2c4f1dee10f0','2024-03-11 09:29:35','2024-03-17 04:52:45'),('Lentil Vegetable Curry','LG','PixelMaster 12x','A flavorful lentil curry cooked with vegetables and spices.','CTF-4808-WA',4.49,2500,'d9d32275-c6d4-48ee-bb9d-c1433c286fcc',547,'5d7d448b-63dd-40dd-b1bc-7ec99ca8512f','2024-03-11 15:00:28','2024-03-19 02:36:39'),('Wireless Game Controller','Apple','UltraProMax','Ergonomic wireless controller for gaming consoles.','VNN-0686-ZX',39.99,6047,'0281c6c0-356f-48b0-833d-1eed161c0c0d',195,'6003926c-4ac0-42c8-8fc2-e66ca68a9ba6','2024-03-11 11:18:54','2024-03-12 16:55:28'),('Miso Dressing','Canon','TerraNova','Flavorful dressing made with miso paste','ZJA-4030-HO',3.49,716,'a696d336-d3ad-437d-913c-4940df152a3a',365,'65ca2516-c77f-4c15-9d4e-cc6ae71444f9','2024-03-11 12:27:59','2024-03-20 03:08:27'),('Raspberry Lemonade Mix','Samsung','FlexiBuild','A refreshing drink mix that combines sweet raspberries and tart lemons, perfect for summer.','KGJ-9466-OW',3.99,7332,'0281c6c0-356f-48b0-833d-1eed161c0c0d',103,'71752a71-deae-4e75-8807-e322ff3aade4','2024-03-11 14:39:41','2024-03-18 03:55:11'),('Insulated Sport Tumbler','Lenovo','UltraProMax','Vacuum-insulated tumbler for beverages on the go.','FUT-0054-WU',22.99,1123,'05dde1e0-59cd-43f7-886d-ab5b75b9685f',708,'72617780-0558-4d00-b6d4-3f3b160d0ff5','2024-03-11 11:43:11','2024-03-18 12:32:35'),('Kettle Chip Variety Pack','AMD','CompactVersa 3000','A crunchy collection of flavored kettle chips in a convenient pack.','HUV-5958-NU',3.99,5118,'d9d32275-c6d4-48ee-bb9d-c1433c286fcc',860,'76975778-0f31-4cf1-9afb-60b67d084627','2024-03-11 08:51:40','2024-03-14 06:46:43'),('Waterproof Rain Boots','Asus','PixelMaster 12x','Stay dry with these stylish waterproof rain boots.','RPJ-9127-QT',69.99,2667,'05dde1e0-59cd-43f7-886d-ab5b75b9685f',474,'78d4047e-2146-4ee3-84b6-4638cbcfe6d0','2024-03-11 15:07:15','2024-03-11 23:31:06'),('Comfortable Jogger Pants','Apple','NatureEase Series','Relaxed fit joggers made from soft fleece, ideal for lounging or workouts.','FNX-6139-OV',29.99,1419,'7317db2d-ac5f-4b30-9d46-765587af9d60',839,'79bf3f9a-93c1-403b-9e9a-9a5dfacaff95','2024-03-11 09:16:43','2024-03-19 11:32:59'),('Sliced Provolone Cheese','Asus','PixelMaster 12x','Mild cheese great for sandwiches.','ENW-5314-QS',3.99,8590,'dc8f4ab9-2051-4c5f-8070-e6a1b1b5f3b6',736,'7d996844-86d2-49f5-908e-a59b5fb402fe','2024-03-11 13:55:15','2024-03-13 10:56:52'),('Vegetable Potstickers','Microsoft','UltraProMax','Delicious vegetable dumplings, perfect for steaming or frying.','ETS-9087-EA',5.99,4394,'1169a0bf-2ad3-492f-8c22-5e068579b241',397,'7efe85f0-fedc-4369-89a8-548d39d6c4e4','2024-03-11 16:34:25','2024-03-14 23:31:39'),('Wireless Charger Stand','Fujifilm','GX-720','Convenient charging stand for smartphones and devices.','UBH-9810-US',24.99,9522,'dc8f4ab9-2051-4c5f-8070-e6a1b1b5f3b6',517,'805f9ea8-a657-41c9-b036-a252610c9263','2024-03-11 14:43:45','2024-03-21 12:53:28'),('Smartphone Tripod with Bluetooth Remote','Philips','FlexiBuild','Tripod with wireless remote for effortless photo-taking.','CGN-7384-WX',29.99,5757,'d9d32275-c6d4-48ee-bb9d-c1433c286fcc',237,'80838778-0213-471c-86ad-56e6172e6824','2024-03-11 10:51:06','2024-03-21 05:34:22'),('Chocolate Coconut Protein Balls','Philips','TerraNova','No-bake protein balls with chocolate and coconut flavors.','OCY-3483-GM',2.99,7760,'1169a0bf-2ad3-492f-8c22-5e068579b241',5,'82163ef4-baf1-4c73-bb07-6116df9e395b','2024-03-11 14:04:02','2024-03-14 22:14:35'),('Frozen Mixed Berries','Dell','Model A1','A mix of strawberries, blueberries, and raspberries.','VVZ-4006-CJ',5.99,2863,'7317db2d-ac5f-4b30-9d46-765587af9d60',201,'85d28d0d-7aa1-472e-9822-363217460ca9','2024-03-11 15:27:32','2024-03-14 00:37:00'),('Wild Rice Pilaf','Fujifilm','HyperTech10','A mix of wild rice with herbs and spices, ready to serve.','RLM-9973-BA',3.79,3587,'dc8f4ab9-2051-4c5f-8070-e6a1b1b5f3b6',35,'86fbf889-e34d-4aa6-9f6d-80ef45c24885','2024-03-11 11:50:27','2024-03-19 19:56:17'),('Italian Herb Balsamic Marinade','LG','CompactVersa 3000','A rich marinade perfect for meats and vegetables, infused with Italian herbs and balsamic vinegar.','IVU-1200-AO',3.99,4888,'7317db2d-ac5f-4b30-9d46-765587af9d60',644,'873e6386-1d54-4c52-9c5b-c1c0cd779f17','2024-03-11 13:37:52','2024-03-13 10:06:04'),('Fleece Lined Leggings','GoPro','NatureEase Series','Comfortable and warm leggings perfect for colder weather.','OAL-6159-VO',29.99,5833,'05dde1e0-59cd-43f7-886d-ab5b75b9685f',19,'8f285466-3a6c-49d5-87b9-61b480c8559d','2024-03-11 10:18:12','2024-03-16 20:32:16'),('LED Canopy Lights','Samsung','Model A1','Energy-efficient lights to illuminate outdoor areas.','TPQ-5593-CV',29.99,4485,'7317db2d-ac5f-4b30-9d46-765587af9d60',107,'95671ca7-1bac-44ec-a596-101c67b669db','2024-03-11 10:32:37','2024-03-16 14:19:12'),('Window Bird Feeder with Suction Cups','Lenovo','FlexiBuild','Clear feeder that attaches to windows for bird watching.','IBZ-7991-GJ',28.99,1148,'df6ae42a-43f7-4e0c-ae9c-df5c38da9d7c',256,'95824cb9-ddd2-4bc0-b13c-3ddd4c5c1df1','2024-03-11 13:46:01','2024-03-20 11:57:26'),('Kids\' STEM Robotics Kit','Toshiba','UltraProMax','Educational robotics kit for building and programming.','HFP-0182-FT',59.99,8472,'0b890b91-6e39-4abd-b039-379502509c3c',787,'9607649e-10a4-4ada-8356-ac1ab1fc5331','2024-03-11 14:12:45','2024-03-21 12:32:51'),('Smartphone Projector Kit','Lenovo','CompactVersa 3000','DIY kit to convert your smartphone into a mini projector.','CPO-1050-XS',24.99,1598,'05dde1e0-59cd-43f7-886d-ab5b75b9685f',524,'977443c8-ca63-4deb-ad22-f9938746ac74','2024-03-11 16:59:23','2024-03-16 09:12:30'),('Coconut Cream','Sony','NatureEase Series','Rich cream extracted from coconut milk, ideal for desserts.','WRE-2983-YE',2.99,8610,'9490485f-a86e-4fbd-8b2f-ccec0e44aacf',508,'9837bfa5-fb19-4ef3-adf4-6d64f922715e','2024-03-11 16:03:15','2024-03-16 01:58:00'),('Automatic Pet Feeder','Fujifilm','FlexiBuild','Programmable pet feeder for scheduled meals.','AHT-0895-LB',69.99,1763,'df6ae42a-43f7-4e0c-ae9c-df5c38da9d7c',30,'9a58e46b-a2b2-4f88-a09d-95eeccd2e1ae','2024-03-11 16:13:18','2024-03-19 22:38:56'),('Pleated Midi Dress','Toshiba','GX-720','A stylish midi dress with stylish pleats, suitable for any occasion.','TPV-9602-CU',79.99,9283,'1169a0bf-2ad3-492f-8c22-5e068579b241',279,'9a623099-f5cb-4c09-a3cc-ec696db61d97','2024-03-11 15:55:22','2024-03-14 11:10:48'),('Inflatable Party Cooler','Acer','NatureEase Series','Fun inflatable cooler to keep drinks cold at parties.','XMK-8455-MS',19.99,4092,'9490485f-a86e-4fbd-8b2f-ccec0e44aacf',175,'9e0aeaeb-3abe-4d2c-b3fa-dd7b9fabc05e','2024-03-11 16:36:19','2024-03-20 15:29:02'),('Dried Apricots','Dell','EcoSmart200','Sweet, chewy dried apricots, great for snacking or baking.','TJM-3233-WI',3.79,6071,'dc8f4ab9-2051-4c5f-8070-e6a1b1b5f3b6',199,'9f718653-396e-4686-ae24-ff4f4700f10e','2024-03-11 09:00:57','2024-03-20 11:39:44'),('Roasted Garlic Mashed Potatoes','Intel','NatureEase Series','Creamy mashed potatoes infused with roasted garlic flavor.','FTC-6378-UD',3.99,5598,'df6ae42a-43f7-4e0c-ae9c-df5c38da9d7c',963,'a7161268-a892-4fe2-a4fe-63200db7f361','2024-03-11 08:43:06','2024-03-19 05:10:51'),('Coffee Capsule Dispenser','GoPro','NatureEase Series','Organize coffee capsules with this stylish dispenser.','SBQ-7410-DA',24.99,8044,'1169a0bf-2ad3-492f-8c22-5e068579b241',334,'a75ba069-0383-4197-a95c-d80c7a13accc','2024-03-11 09:55:35','2024-03-12 11:12:46'),('Digital Food Thermometer','Microsoft','CompactVersa 3000','Instant-read thermometer for accurate cooking temperatures.','IVD-8028-TR',19.99,4548,'1169a0bf-2ad3-492f-8c22-5e068579b241',567,'aa0e3bae-b40f-4f06-a69b-16c0365d7081','2024-03-11 10:39:30','2024-03-18 05:06:01'),('Italian Herbal Seasoning','Lenovo','HyperTech10','A fragrant blend of Italian herbs for pasta sauces and marinades.','YJC-0157-XA',1.99,7902,'0b890b91-6e39-4abd-b039-379502509c3c',311,'ad204b3f-a558-4f2c-9b9a-9cba624cec5f','2024-03-11 10:00:06','2024-03-14 13:18:06'),('Roasted Garlic Pasta Sauce','Samsung','PixelMaster 12x','A flavorful pasta sauce made with roasted garlic.','LFH-1792-ZC',4.99,9589,'7317db2d-ac5f-4b30-9d46-765587af9d60',775,'afa45a6e-be01-4c61-b05a-8d727b136230','2024-03-11 16:49:45','2024-03-19 19:22:31'),('Pepper Jack Cheese Slices','Canon','EcoSmart200','Creamy cheese with a spicy kick, perfect for sandwiches.','MWX-2663-JI',3.49,1965,'dc8f4ab9-2051-4c5f-8070-e6a1b1b5f3b6',892,'b009d0e7-44dc-455c-8c57-e8b3120cf674','2024-03-11 13:26:32','2024-03-18 06:56:36'),('Multifunctional Baby Bottle Warmer','Lenovo','Model A1','Warmer for heating baby bottles and food jars.','DKB-8737-EM',39.99,6670,'d9d32275-c6d4-48ee-bb9d-c1433c286fcc',969,'b1ae3940-9699-4dd6-b32f-57bf2c5855e9','2024-03-11 12:47:17','2024-03-19 13:28:23'),('Thermostatic Shower Valve Kit','HP','Model A1','Regulate water temperature for safe and comfortable showers.','XCM-4568-MT',39.99,1305,'d9d32275-c6d4-48ee-bb9d-c1433c286fcc',817,'b4559d67-0883-437a-a354-b0642aae8bae','2024-03-11 16:40:58','2024-03-15 13:45:01'),('Frozen Salmon Filets','AMD','HyperTech10','Wild-caught salmon filets, perfect for grilling or baking.','MLK-6773-TT',12.99,1877,'9490485f-a86e-4fbd-8b2f-ccec0e44aacf',231,'b75b43f1-83b5-4c8f-930b-fa450aefa1c4','2024-03-11 12:41:01','2024-03-17 22:15:06'),('Dark Chocolate Raisins','Lenovo','PixelMaster 12x','Juicy raisins coated in rich dark chocolate.','TPS-2154-CO',3.49,4505,'a696d336-d3ad-437d-913c-4940df152a3a',130,'bab7376b-5350-4047-9c24-3e4e530313af','2024-03-11 08:44:12','2024-03-11 22:45:37'),('Vegetable Broth','Intel','FlexiBuild','Rich vegetable broth for soups and stews.','IAC-4238-OR',2.29,5917,'05dde1e0-59cd-43f7-886d-ab5b75b9685f',448,'bb113190-0c27-4c44-84fc-58b99b7d8a3c','2024-03-11 16:06:26','2024-03-14 04:03:19'),('Almond Butter Crunch Bar','Fujifilm','UltraProMax','Nutritious snack bar made with almond butter and protein.','JQX-4796-KA',1.99,2070,'df6ae42a-43f7-4e0c-ae9c-df5c38da9d7c',209,'bbe4861b-03b5-4fb9-9252-aca19bf66c73','2024-03-11 15:38:43','2024-03-13 15:06:13'),('Wrist Support Brace','Apple','UltraProMax','Comfortable support brace to relieve wrist pain.','PBR-5735-ZM',19.99,7146,'7317db2d-ac5f-4b30-9d46-765587af9d60',93,'bd3fb554-1a41-4b96-bf06-ba772b4c9d21','2024-03-11 12:57:12','2024-03-13 13:11:44'),('Rain Jacket','Acer','HyperTech10','Waterproof rain jacket with adjustable hood.','TGP-9113-NW',64.99,6991,'7317db2d-ac5f-4b30-9d46-765587af9d60',190,'c238bec5-4615-4b18-80fc-df8d9c82e7eb','2024-03-11 09:37:04','2024-03-17 03:13:15'),('Pork Tenderloin','GoPro','PixelMaster 12x','Juicy pork tenderloin, great for roasting.','AAI-3238-JP',10.99,6827,'a696d336-d3ad-437d-913c-4940df152a3a',844,'c3fb1c76-f1f1-4442-9e1a-4295446bb64d','2024-03-11 11:24:20','2024-03-12 14:56:38'),('Weighted Jump Rope','Acer','EcoSmart200','Adjustable weighted jump rope for workouts.','ZAO-5519-UT',15.99,5964,'0b890b91-6e39-4abd-b039-379502509c3c',927,'c478f906-dc3c-4a70-acac-2d703afb5490','2024-03-11 12:23:31','2024-03-13 00:54:33'),('White Rice','GoPro','NatureEase Series','Plain white rice, a staple for any meal.','QOR-9803-ZJ',1.49,4775,'9490485f-a86e-4fbd-8b2f-ccec0e44aacf',16,'c587aeaa-5e87-4146-b2c1-3da3a370aa0a','2024-03-11 10:13:03','2024-03-15 00:16:32'),('Electric Heat Pad','Asus','Model A1','Microwaveable heat pad for soothing muscle aches.','OXZ-8209-ZK',24.99,5619,'d9d32275-c6d4-48ee-bb9d-c1433c286fcc',886,'c97deedf-09e1-49b0-b0ba-c1172b882f2b','2024-03-11 14:30:16','2024-03-19 12:54:09'),('Oatmeal Raisin Cookies','Canon','HyperTech10','Delicious cookies packed with oats and raisins.','WMA-0915-RE',3.49,9954,'9490485f-a86e-4fbd-8b2f-ccec0e44aacf',737,'ca1a7af7-6f77-4d7d-90c3-96459a32e8ca','2024-03-11 13:29:33','2024-03-21 01:43:43'),('Adjustable Bar Stools','HP','GX-720','Stylish bar stools with adjustable height and swivel features.','AKP-9549-AA',149.99,5197,'df6ae42a-43f7-4e0c-ae9c-df5c38da9d7c',312,'ca2bc996-da49-45b2-88eb-cf76b7e2a2da','2024-03-11 13:19:23','2024-03-18 15:49:43'),('Whole Wheat Pita Bread','Fujifilm','NatureEase Series','Soft and fluffy whole wheat pita bread, great for wraps.','EYU-6566-RK',2.79,1104,'9490485f-a86e-4fbd-8b2f-ccec0e44aacf',240,'cb2426dc-2f58-4e30-82e6-7dc72fb9eac0','2024-03-11 09:06:03','2024-03-13 16:51:09'),('Vegan chocolate chip cookies','Canon','FlexiBuild','Delicious soft cookies, dairy-free and egg-free, perfect for treats.','DVN-8780-KQ',4.79,4658,'9490485f-a86e-4fbd-8b2f-ccec0e44aacf',610,'cb7210d5-e4c6-450c-8985-afe86e165c31','2024-03-11 11:35:01','2024-03-14 16:38:27'),('Maple Pecan Granola','Panasonic','UltraProMax','Crunchy granola with maple syrup and pecans, great for breakfast or snacking.','OOH-7404-BP',4.49,2946,'05dde1e0-59cd-43f7-886d-ab5b75b9685f',970,'d5e19e23-3c6b-4e74-be98-9c7416b34265','2024-03-11 16:45:09','2024-03-16 05:21:01'),('Whole Chicken','AMD','PixelMaster 12x','A whole free-range chicken, ready for roasting.','IVM-7393-TC',12.99,2510,'df6ae42a-43f7-4e0c-ae9c-df5c38da9d7c',240,'d63d803c-cb81-49b8-9189-dab034994159','2024-03-11 10:48:49','2024-03-14 09:03:02'),('Stainless Steel BBQ Grill Set','HP','HyperTech10','Essential tools for outdoor barbecues including tongs and spatula.','IIA-0333-ZQ',49.99,1908,'9490485f-a86e-4fbd-8b2f-ccec0e44aacf',92,'d666be3d-609b-4dca-b3cb-e0e328868729','2024-03-11 14:17:34','2024-03-12 09:17:44'),('Inflatable Paddle Board','Fujifilm','UltraProMax','Lightweight and portable paddle board for water sports.','URW-0532-VW',349.99,1540,'a696d336-d3ad-437d-913c-4940df152a3a',393,'d84413a6-3d24-4d7c-8b52-8e976aeadb4b','2024-03-11 13:05:25','2024-03-12 08:42:58'),('Shatterproof Wine Glasses','Acer','TerraNova','Durable, unbreakable wine glasses for outdoor use.','KYE-3299-IV',24.99,3509,'0b890b91-6e39-4abd-b039-379502509c3c',708,'e0179d9a-db37-40d7-81d5-1f8e140f1c42','2024-03-11 10:54:55','2024-03-19 05:39:45'),('Vanilla Protein Powder','Acer','NatureEase Series','A high-quality protein powder perfect for smoothies and baking.','CXB-2670-OG',24.99,9793,'0b890b91-6e39-4abd-b039-379502509c3c',355,'e4cd06b2-a24a-428d-8de9-75160a2b3795','2024-03-11 13:03:08','2024-03-11 17:04:08'),('Smart Light Bulbs','Lenovo','TerraNova','Color-changing smart LED bulbs compatible with Alexa.','PWO-2592-IJ',34.99,4276,'0281c6c0-356f-48b0-833d-1eed161c0c0d',260,'ea9573d0-717f-4ad7-a9e9-4702bb3233be','2024-03-11 13:52:15','2024-03-11 15:02:15'),('Pet Water Fountain','Apple','Model A1','Automatic water fountain for pets with filtration.','LHI-3819-WS',39.99,4198,'dc8f4ab9-2051-4c5f-8070-e6a1b1b5f3b6',444,'eb6d19d2-24ea-45d0-bab1-30ce711bc3a8','2024-03-11 10:23:31','2024-03-14 22:23:08'),('Honey','Nikon','EcoSmart200','Pure and natural honey, great for sweetening.','SPU-4288-LG',5.49,4270,'05dde1e0-59cd-43f7-886d-ab5b75b9685f',79,'ec8d6b28-4c91-449f-9e6e-829db696c525','2024-03-11 12:19:10','2024-03-19 11:36:45'),('Mushroom Soup (canned)','Philips','FlexiBuild','Creamy soup full of rich mushroom flavor.','EXP-0345-BE',2.49,6454,'7317db2d-ac5f-4b30-9d46-765587af9d60',736,'ee3f942b-e9ff-4d1c-aa79-25802faaba91','2024-03-11 15:04:24','2024-03-15 09:26:46'),('Coconut Milk','Nikon','GX-720','Rich coconut milk for curries and desserts.','AWS-1197-DR',2.49,6014,'05dde1e0-59cd-43f7-886d-ab5b75b9685f',949,'f7c3398c-352c-466c-8ea2-dcbf7a30c82b','2024-03-11 09:49:40','2024-03-16 10:03:47'),('Portable Solar Path Lights','Asus','Model A1','Eco-friendly solar lights for pathways and gardens.','XVW-4113-HC',39.99,2412,'9490485f-a86e-4fbd-8b2f-ccec0e44aacf',894,'f883b4ec-a916-4d7b-baff-09991958d812','2024-03-11 14:57:18','2024-03-15 23:52:16'),('Set of Herb Garden Markers','Apple','Model A1','Stylish markers for labeling your indoor garden plants.','ZMP-4072-KW',8.99,4939,'a696d336-d3ad-437d-913c-4940df152a3a',458,'f92dc3df-acce-47b0-b138-3a33e5493551','2024-03-11 14:21:08','2024-03-17 01:37:23'),('Beef Tacos','Sony','FlexiBuild','Pre-seasoned beef mix for delicious tacos, just heat and serve.','NQG-9378-CF',5.49,3020,'1169a0bf-2ad3-492f-8c22-5e068579b241',152,'fc46b1a3-b390-4be2-ad4c-c3a49b08dc11','2024-03-11 14:48:39','2024-03-18 18:40:08');
/*!40000 ALTER TABLE `products` ENABLE KEYS */;
UNLOCK TABLES;

--
-- Dumping data for table `supplier_product`
--

LOCK TABLES `supplier_product` WRITE;
/*!40000 ALTER TABLE `supplier_product` DISABLE KEYS */;
INSERT INTO `supplier_product` (`supplier_id`, `product_id`) VALUES ('470be702-bdff-45fb-a764-29f68b1719eb','0020c96c-3d1d-436c-bb49-3b95c3cedb2c'),('d03a1c5e-78db-43ca-b539-af1a7f8771a1','014521a2-05a6-4eef-b57d-27da32631e6c'),('66608a4f-6f08-46e5-a4fc-5e930b6345b5','060eee16-00a5-4353-8c44-97ef1e73077a'),('28126efa-1e4f-4cab-8555-506b0bd8e439','09fd7a93-fe35-47df-bd58-bd252bef05f8'),('66608a4f-6f08-46e5-a4fc-5e930b6345b5','0b60d988-5143-4a46-8046-c567f14bd96e'),('62933500-0d11-4488-a878-b970596195ce','0ca301ae-5d53-406a-9a7c-bcd8708e5f3c'),('91f25d7f-0be0-42ea-81f9-b80505180685','14622851-8a8d-419f-abc3-5f372eab4930'),('28126efa-1e4f-4cab-8555-506b0bd8e439','14a33aea-e671-46ed-8042-9dc6026b05c2'),('28126efa-1e4f-4cab-8555-506b0bd8e439','25d2dbaa-6255-43ef-bc41-dba5d26e4b73'),('de9e46c4-56fd-424f-90e4-fedad5cbc986','29df5589-fa5a-4b2e-9326-ec280dfbef77'),('13f08e39-a573-4829-b982-aadc9cdc523d','2a48367a-507f-49e1-99cc-c56d62e7192b'),('28126efa-1e4f-4cab-8555-506b0bd8e439','2a48367a-507f-49e1-99cc-c56d62e7192b'),('53eb8112-6ea5-4873-b96b-0813fc71b83b','2cfcc3b1-06b3-4a3e-acd5-e736bbaf9d79'),('1fb643cc-f0b2-4d55-97b0-35e1c4e6ea14','2d189b5f-2936-4e2d-8b31-f718447f365b'),('8824d2f7-c67c-4801-ac2f-01cfc9325fe0','3151f65d-f36c-40a0-8a64-034b1bf53980'),('42d533e7-c2bf-4656-bc4e-a4b4eb1bd1fb','357c261c-776f-4881-b650-23f4cd215e61'),('12aec46d-abdf-4bf3-a6c7-4fb6d681b7b6','35c2301e-e28e-45ed-89c4-d7d0f5769ada'),('28126efa-1e4f-4cab-8555-506b0bd8e439','37b8c43e-2999-43b8-8fe7-81db6c07018c'),('42d533e7-c2bf-4656-bc4e-a4b4eb1bd1fb','382e0595-2ce2-4195-97f4-6a366811f3d0'),('28126efa-1e4f-4cab-8555-506b0bd8e439','38afef96-5ca9-44ba-a2f3-5d8450f3316b'),('28126efa-1e4f-4cab-8555-506b0bd8e439','3a0cd6f4-fb6d-42a0-bf8e-fb0d09b1c9c7'),('66608a4f-6f08-46e5-a4fc-5e930b6345b5','3a41e194-066b-4a08-b21b-f3c975a579da'),('59a604ed-cf56-41a2-a630-e9b886534b57','3ad16ac0-2a0c-4e81-96a3-5ac9c377b14f'),('510c9add-3fa7-4d33-9e29-e1c2e4792808','3be1c4bd-0c7f-49ea-b5f6-3f94d598f928'),('4d87c2de-9fdf-4c5d-b416-0243831398fb','3cf89cd8-c667-4f94-89c7-323043e81a9c'),('f9199bad-121b-47db-980d-f101e6a7d9f6','3dcf60b6-5bd1-492a-8642-7ed2118b46a5'),('ab97fe4f-c465-4e23-8274-9b8111395cd9','3eb3b040-de77-4ce2-850c-043e505d1d9f'),('28126efa-1e4f-4cab-8555-506b0bd8e439','43073387-cd76-4d0e-8bde-30c7585ba529'),('5e256954-053c-4af7-ae40-d8948ae35357','459cdba2-dad9-4cf9-8235-c3d31d9eb78c'),('66608a4f-6f08-46e5-a4fc-5e930b6345b5','46039d6f-b6f8-494c-a9d5-894f58a1f6df'),('66608a4f-6f08-46e5-a4fc-5e930b6345b5','4610e4db-196c-426f-a96e-c749282bc9b1'),('42d533e7-c2bf-4656-bc4e-a4b4eb1bd1fb','4a6c7f37-8a68-4c8b-93df-4b5f795de650'),('71b91a59-1786-491e-a825-088bf263aeb7','504f306c-0a4f-4e86-b0e3-1d650c8eb0e6'),('66608a4f-6f08-46e5-a4fc-5e930b6345b5','57684257-77af-4a3c-b3be-1a88f2ebe774'),('66608a4f-6f08-46e5-a4fc-5e930b6345b5','582e39ea-1e30-4293-b8aa-ea99908fd18b'),('66608a4f-6f08-46e5-a4fc-5e930b6345b5','596287a7-737e-4fcd-91e0-9d92630fa7a0'),('66608a4f-6f08-46e5-a4fc-5e930b6345b5','5b528bc3-6c3a-4b27-9ca1-c913d34dadd3'),('99e980d5-9e3b-4e6b-b3df-e99793b61d1b','5d5f3591-d6ca-4b26-9a8b-2c4f1dee10f0'),('66608a4f-6f08-46e5-a4fc-5e930b6345b5','5d7d448b-63dd-40dd-b1bc-7ec99ca8512f'),('66608a4f-6f08-46e5-a4fc-5e930b6345b5','6003926c-4ac0-42c8-8fc2-e66ca68a9ba6'),('66608a4f-6f08-46e5-a4fc-5e930b6345b5','65ca2516-c77f-4c15-9d4e-cc6ae71444f9'),('42d533e7-c2bf-4656-bc4e-a4b4eb1bd1fb','71752a71-deae-4e75-8807-e322ff3aade4'),('66608a4f-6f08-46e5-a4fc-5e930b6345b5','72617780-0558-4d00-b6d4-3f3b160d0ff5'),('66608a4f-6f08-46e5-a4fc-5e930b6345b5','76975778-0f31-4cf1-9afb-60b67d084627'),('5af72215-4c6d-4711-8bab-5f25735faa6a','78d4047e-2146-4ee3-84b6-4638cbcfe6d0'),('28126efa-1e4f-4cab-8555-506b0bd8e439','79bf3f9a-93c1-403b-9e9a-9a5dfacaff95'),('28126efa-1e4f-4cab-8555-506b0bd8e439','7d996844-86d2-49f5-908e-a59b5fb402fe'),('1f592958-5bae-4de3-9209-30d129b50404','7efe85f0-fedc-4369-89a8-548d39d6c4e4'),('ba634010-afbf-4d35-acfa-e70c16c9bed8','805f9ea8-a657-41c9-b036-a252610c9263'),('bfc78270-42b6-4b20-9d98-45e43f8a2eb6','80838778-0213-471c-86ad-56e6172e6824'),('28126efa-1e4f-4cab-8555-506b0bd8e439','82163ef4-baf1-4c73-bb07-6116df9e395b'),('66608a4f-6f08-46e5-a4fc-5e930b6345b5','85d28d0d-7aa1-472e-9822-363217460ca9'),('66608a4f-6f08-46e5-a4fc-5e930b6345b5','86fbf889-e34d-4aa6-9f6d-80ef45c24885'),('d6c297c1-7737-45fd-8c46-98396c8c6984','873e6386-1d54-4c52-9c5b-c1c0cd779f17'),('d9586c71-6320-4c69-bf99-e74fb62e81ef','8f285466-3a6c-49d5-87b9-61b480c8559d'),('28126efa-1e4f-4cab-8555-506b0bd8e439','95671ca7-1bac-44ec-a596-101c67b669db'),('a1e90e88-2cdf-4583-a2a6-b09f35083b3f','95824cb9-ddd2-4bc0-b13c-3ddd4c5c1df1'),('42d533e7-c2bf-4656-bc4e-a4b4eb1bd1fb','9607649e-10a4-4ada-8356-ac1ab1fc5331'),('9896a869-1f90-48ff-8236-5a062c8f5128','9837bfa5-fb19-4ef3-adf4-6d64f922715e'),('66608a4f-6f08-46e5-a4fc-5e930b6345b5','9a58e46b-a2b2-4f88-a09d-95eeccd2e1ae'),('28126efa-1e4f-4cab-8555-506b0bd8e439','9a623099-f5cb-4c09-a3cc-ec696db61d97'),('28126efa-1e4f-4cab-8555-506b0bd8e439','9e0aeaeb-3abe-4d2c-b3fa-dd7b9fabc05e'),('0afd8150-8a43-467e-8af1-c8b0adeeb8d5','9f718653-396e-4686-ae24-ff4f4700f10e'),('42d533e7-c2bf-4656-bc4e-a4b4eb1bd1fb','a7161268-a892-4fe2-a4fe-63200db7f361'),('28126efa-1e4f-4cab-8555-506b0bd8e439','a75ba069-0383-4197-a95c-d80c7a13accc'),('d3cb7f29-909b-42bf-bcfd-5351e45d7a9e','aa0e3bae-b40f-4f06-a69b-16c0365d7081'),('66608a4f-6f08-46e5-a4fc-5e930b6345b5','ad204b3f-a558-4f2c-9b9a-9cba624cec5f'),('28126efa-1e4f-4cab-8555-506b0bd8e439','afa45a6e-be01-4c61-b05a-8d727b136230'),('f2aff6d7-80db-4f18-a338-d2b2e1f42c5a','b009d0e7-44dc-455c-8c57-e8b3120cf674'),('68680bfd-5885-4f5b-8c63-d0fd53e6f204','b1ae3940-9699-4dd6-b32f-57bf2c5855e9'),('42d533e7-c2bf-4656-bc4e-a4b4eb1bd1fb','b4559d67-0883-437a-a354-b0642aae8bae'),('28126efa-1e4f-4cab-8555-506b0bd8e439','b75b43f1-83b5-4c8f-930b-fa450aefa1c4'),('f08d0354-edbf-444e-9c8f-98670ae287f4','bab7376b-5350-4047-9c24-3e4e530313af'),('78f8fa63-f1a8-4a67-ab61-12afb7347931','bb113190-0c27-4c44-84fc-58b99b7d8a3c'),('42d533e7-c2bf-4656-bc4e-a4b4eb1bd1fb','bbe4861b-03b5-4fb9-9252-aca19bf66c73'),('d7d7dd31-30d7-401a-b41c-e6208672e838','bd3fb554-1a41-4b96-bf06-ba772b4c9d21'),('a1882950-25e8-4dfc-a43a-3b9d08fc14cb','c238bec5-4615-4b18-80fc-df8d9c82e7eb'),('42d533e7-c2bf-4656-bc4e-a4b4eb1bd1fb','c3fb1c76-f1f1-4442-9e1a-4295446bb64d'),('28126efa-1e4f-4cab-8555-506b0bd8e439','c478f906-dc3c-4a70-acac-2d703afb5490'),('28126efa-1e4f-4cab-8555-506b0bd8e439','c587aeaa-5e87-4146-b2c1-3da3a370aa0a'),('66608a4f-6f08-46e5-a4fc-5e930b6345b5','c97deedf-09e1-49b0-b0ba-c1172b882f2b'),('66cb4da3-04db-4241-8037-128de2d2e764','ca1a7af7-6f77-4d7d-90c3-96459a32e8ca'),('66608a4f-6f08-46e5-a4fc-5e930b6345b5','ca2bc996-da49-45b2-88eb-cf76b7e2a2da'),('66608a4f-6f08-46e5-a4fc-5e930b6345b5','cb2426dc-2f58-4e30-82e6-7dc72fb9eac0'),('fcba68c1-dcd2-4f93-92b5-da026b18e2da','cb7210d5-e4c6-450c-8985-afe86e165c31'),('8ad37107-c9cf-468c-935d-f50401033c78','d5e19e23-3c6b-4e74-be98-9c7416b34265'),('42d533e7-c2bf-4656-bc4e-a4b4eb1bd1fb','d63d803c-cb81-49b8-9189-dab034994159'),('525b67c0-1c52-4d35-9560-cc8dd84bb909','d666be3d-609b-4dca-b3cb-e0e328868729'),('66608a4f-6f08-46e5-a4fc-5e930b6345b5','d84413a6-3d24-4d7c-8b52-8e976aeadb4b'),('66608a4f-6f08-46e5-a4fc-5e930b6345b5','e0179d9a-db37-40d7-81d5-1f8e140f1c42'),('056a8d0c-5a6a-4638-9f6c-10c2ac6f2214','e4cd06b2-a24a-428d-8de9-75160a2b3795'),('7222ab25-bbef-49ba-ae16-59ceeabd69d9','e4cd06b2-a24a-428d-8de9-75160a2b3795'),('66608a4f-6f08-46e5-a4fc-5e930b6345b5','ea9573d0-717f-4ad7-a9e9-4702bb3233be'),('66608a4f-6f08-46e5-a4fc-5e930b6345b5','eb6d19d2-24ea-45d0-bab1-30ce711bc3a8'),('ef7c045c-b689-4623-850c-92815e7651f6','ec8d6b28-4c91-449f-9e6e-829db696c525'),('659d6aab-9519-472a-8d07-ea9bad52b2a6','ee3f942b-e9ff-4d1c-aa79-25802faaba91'),('c04af2ab-dcea-4909-b295-209fc730d78b','f7c3398c-352c-466c-8ea2-dcbf7a30c82b'),('c17f8ec9-c658-47e7-a7e3-f3368cd5bcd7','f883b4ec-a916-4d7b-baff-09991958d812'),('66608a4f-6f08-46e5-a4fc-5e930b6345b5','f92dc3df-acce-47b0-b138-3a33e5493551'),('b02da231-29a8-430d-ac76-e4035283c80c','fc46b1a3-b390-4be2-ad4c-c3a49b08dc11');
/*!40000 ALTER TABLE `supplier_product` ENABLE KEYS */;
UNLOCK TABLES;

--
-- Dumping data for table `suppliers`
--

LOCK TABLES `suppliers` WRITE;
/*!40000 ALTER TABLE `suppliers` DISABLE KEYS */;
INSERT INTO `suppliers` (`name`, `contact_person`, `phone`, `email`, `address`, `id`, `created_at`, `updated_at`) VALUES ('Advanced Resources LLC','Lolly Cogdell','(518) 365-0299','lolly.cogdell@hotmail.com','5824 Tallsman Court, Albany, New York, United States, 12205','0265694f-b86c-406e-ad49-031b6965123c','2024-03-11 14:14:13','2024-03-11 17:07:24'),('Elite Products LLC','Cookie Andriss','(315) 141-2745','cookie.andriss@att.net','9618 Chula Vista Avenue, Syracuse, New York, United States, 13251','056a8d0c-5a6a-4638-9f6c-10c2ac6f2214','2024-03-11 10:50:29','2024-03-18 22:21:54'),('Tech Supplies Ltd.','Erhard Queste','(717) 375-3414','erhard.queste@gmail.com','10766 Mendoza Blvd., Lancaster, Pennsylvania, United States, 17622','0a784963-9532-4385-95c2-13de1f58cfe9','2024-03-11 16:48:10','2024-03-14 07:09:59'),('Leadway Supply Group LLC','Reggi Miklem','(757) 698-4009','reggi.miklem@hotmail.it','4993 Swansea Terrace, Newport News, Virginia, United States, 23605','0afd8150-8a43-467e-8af1-c8b0adeeb8d5','2024-03-11 12:26:07','2024-03-20 14:04:28'),('Mega Inc.','Augustin Ege','(785) 544-7172','augustin.ege@yahoo.fr','8779 Scardino Street, Topeka, Kansas, United States, 66606','0b28e782-f2dd-46cb-9d58-32917fbc1fa3','2024-03-11 17:12:20','2024-03-11 19:11:47'),('Dynamic Supplies Inc.','Moss McCaffery','(605) 920-5091','moss.mccaffery@wanadoo.fr','3572 Geiger Lane, Sioux Falls, South Dakota, United States, 57198','108a902a-b5e5-480b-9330-7c2758efdd0d','2024-03-11 16:39:01','2024-03-19 20:01:11'),('SupplyCo Global','Byran Archdeckne','(818) 150-8343','byran.archdeckne@gmail.com','5869 Merhottein Loop, Northridge, California, United States, 91328','12aec46d-abdf-4bf3-a6c7-4fb6d681b7b6','2024-03-11 11:14:20','2024-03-20 06:41:38'),('Apex Suppliers Group','Benjy Selvester','(706) 706-4942','benjy.selvester@gmail.com','7600 Eaglemont Avenue, Columbus, Georgia, United States, 31904','12b3edc0-e202-45c9-abc2-1e990900f8ee','2024-03-11 13:50:37','2024-03-12 14:21:18'),('Tech Supplies PLC','Graig Mueller','(706) 360-5913','graig.mueller@hotmail.fr','4266 Swallowtail Terrace, Columbus, Georgia, United States, 31904','13f08e39-a573-4829-b982-aadc9cdc523d','2024-03-11 10:46:16','2024-03-20 21:27:56'),('Tech Supplies Corp.','Rosmunda Redihalgh','(303) 795-8714','rosmunda.redihalgh@gmail.com','13459 Bellerose Trail, Denver, Colorado, United States, 80299','14c5d034-6551-4bac-ae40-86b99096b705','2024-03-11 17:15:55','2024-03-17 01:26:49'),('Dynamic Supplies PLC','Jori Gerge','(702) 030-4901','jori.gerge@hotmail.com','11957 Coronaca Court, Las Vegas, Nevada, United States, 89193','19df309b-beee-4d98-b5e8-b036f1b04d3e','2024-03-11 15:20:19','2024-03-14 06:36:23'),('SupplyCo LTD.','Arv Morshead','(615) 446-8821','arv.morshead@gmail.com','10189 Cree Court, Nashville, Tennessee, United States, 37205','1a831ef5-2fff-4cac-9537-e8b69b1cda0b','2024-03-11 14:24:54','2024-03-13 04:58:50'),('Prestige Hardware','Prescott Cousen','(434) 941-5282','prescott.cousen@yahoo.com','13957 Coffman Loop, Charlottesville, Virginia, United States, 22908','1f592958-5bae-4de3-9209-30d129b50404','2024-03-11 09:02:54','2024-03-15 02:18:04'),('Prestige Hardware LLC','Rheba Szantho','(202) 357-1352','rheba.szantho@yahoo.com','6305 Winterthur Loop, Washington, District of Columbia, United States, 20436','1fb643cc-f0b2-4d55-97b0-35e1c4e6ea14','2024-03-11 12:07:48','2024-03-17 15:37:26'),('Pinnacle Distributors LLC','Cal Petcher','(205) 013-5057','cal.petcher@gmail.com','6417 Makoski Place, Birmingham, Alabama, United States, 35285','21e90d01-8715-46a4-9f8f-55a0cbf6fa3e','2024-03-11 12:47:28','2024-03-13 19:41:06'),('Prime Source Inc','Foster Greatrakes','(915) 503-2198','foster.greatrakes@yandex.ru','6463 Dyals Court, El Paso, Texas, United States, 88584','22120adc-d758-41bb-a9fb-7e5db8075b41','2024-03-11 16:50:32','2024-03-12 17:43:27'),('MegaMart Corp.','Arman Klaaassen','(434) 274-2282','arman.klaaassen@verizon.net','9770 Guido Avenue, Manassas, Virginia, United States, 22111','247d870c-3bc6-4d6e-bd01-884f04bafe25','2024-03-11 12:56:33','2024-03-15 17:08:58'),('Prime Source Corp','Katherina Cutsforth','(432) 844-8066','katherina.cutsforth@hotmail.com','13754 Redondo Way, Odessa, Texas, United States, 79764','25eb40c8-ff32-42d2-82ac-d01c27203c45','2024-03-11 14:32:17','2024-03-16 04:00:43'),('Innovative Parts  Manufacturers','Dewie Tomaszewicz','(405) 202-8442','dewie.tomaszewicz@gmail.com','7008 Freddie Lane, Oklahoma City, Oklahoma, United States, 73157','2618d53d-297e-4263-9f27-bb904221a354','2024-03-11 14:49:15','2024-03-18 21:41:30'),('Global Widgets PLC','Wren Fillery','(404) 827-1249','wren.fillery@yahoo.com','7329 Bayou Place, Atlanta, Georgia, United States, 30386','28126efa-1e4f-4cab-8555-506b0bd8e439','2024-03-11 12:30:29','2024-03-18 07:47:01'),('Tech Supplies LLC','Hyacintha Sussex','(602) 917-7396','hyacintha.sussex@gmail.com','2738 Holley Terrace, Glendale, Arizona, United States, 85305','42d533e7-c2bf-4656-bc4e-a4b4eb1bd1fb','2024-03-11 10:39:07','2024-03-17 18:27:16'),('Supply LLC','Celinka Heistermann','(805) 319-2910','celinka.heistermann@yahoo.com','14710 Albion Way, Ventura, California, United States, 93005','470be702-bdff-45fb-a764-29f68b1719eb','2024-03-11 10:26:50','2024-03-11 12:26:34'),('Innovative Parts','Gran Loughren','(785) 687-0465','gran.loughren@yahoo.com','6322 Chappells Drive, Topeka, Kansas, United States, 66699','4d87c2de-9fdf-4c5d-b416-0243831398fb','2024-03-11 08:33:53','2024-03-19 07:16:43'),('Unified Goods Inc.','Cathy Courtliff','(212) 345-4114','cathy.courtliff@yahoo.com','7977 Quaker Court, New York City, New York, United States, 10079','4df6b6dd-cd91-426d-b582-d305deb0454f','2024-03-11 15:58:22','2024-03-12 16:05:02'),('Unified Goods Corp.','Phillipe Pretti','(540) 540-6338','phillipe.pretti@yahoo.com.br','11937 Chapin Court, Roanoke, Virginia, United States, 24014','4f6332ac-2208-4f82-bf39-5a5f56bf91c9','2024-03-11 16:31:23','2024-03-17 11:30:07'),('SupplyCo PLC','Christy Boykett','(724) 537-1017','christy.boykett@hotmail.co.uk','1467 Humphreys Loop, Pittsburgh, Pennsylvania, United States, 15205','50fc4c63-6ae2-4008-acf3-66b7da09dd97','2024-03-11 13:56:03','2024-03-19 22:12:31'),('Dynamic Supplies','Vassily Hampshaw','(972) 554-8202','vassily.hampshaw@hotmail.com','12529 Abasco Court, Dallas, Texas, United States, 75287','510c9add-3fa7-4d33-9e29-e1c2e4792808','2024-03-11 08:41:15','2024-03-17 14:48:54'),('Global Widgets Group','Dawn Fligg','(520) 245-2641','dawn.fligg@hotmail.es','699 Straton Way, Tucson, Arizona, United States, 85705','525b67c0-1c52-4d35-9560-cc8dd84bb909','2024-03-11 09:12:51','2024-03-20 16:10:01'),('Supply PLC','Shawnee Bouts','(513) 906-4243','shawnee.bouts@libero.it','747 Tall Trees Lane, Cincinnati, Ohio, United States, 45999','5356a5f8-86e0-4e72-ac38-e8b8bc7216a2','2024-03-11 15:46:51','2024-03-19 08:50:32'),('Apex Suppliers LLC','Mel Grimmer','(423) 809-2844','mel.grimmer@gmail.com','13180 Dragon Place, Johnson City, Tennessee, United States, 37605','53db6e64-b54f-4a49-a892-9d01097516f2','2024-03-11 13:58:04','2024-03-15 18:05:13'),('Unified Goods','Karolina Joder','(907) 004-5431','karolina.joder@neuf.fr','14 Esbenshade Way, Anchorage, Alaska, United States, 99512','53eb8112-6ea5-4873-b96b-0813fc71b83b','2024-03-11 09:20:15','2024-03-16 13:51:48'),('Pinnacle Distributors LTD','Jacobo Scarman','(941) 565-9905','jacobo.scarman@facebook.com','13034 Egerton Place, Sarasota, Florida, United States, 34233','5550d2dd-6558-49cd-942f-cc89ad6c9897','2024-03-11 15:18:32','2024-03-16 12:05:23'),('Pinnacle Distributors Inc','Gwyneth Gulley','(410) 173-9398','gwyneth.gulley@juno.com','8962 Glen Ridge Court, Baltimore, Maryland, United States, 21265','59a604ed-cf56-41a2-a630-e9b886534b57','2024-03-11 11:50:13','2024-03-13 18:18:18'),('Prime Source Ltd.','Brittany Bleakley','(217) 924-1830','brittany.bleakley@free.fr','8771 Raintree Drive, Springfield, Illinois, United States, 62776','5af72215-4c6d-4711-8bab-5f25735faa6a','2024-03-11 11:04:42','2024-03-12 04:26:48'),('Northwind Traders LLC','Hally Vial','(334) 947-7505','hally.vial@hotmail.com','9414 Bonaventure Lane, Montgomery, Alabama, United States, 36125','5e256954-053c-4af7-ae40-d8948ae35357','2024-03-11 11:59:53','2024-03-21 08:43:25'),('MegaM Inc.','Fionnula Embling','(716) 751-3918','fionnula.embling@gmail.com','6499 Catalani Lane, Buffalo, New York, United States, 14263','5ec64f63-58c7-4312-977b-7408ccd01fad','2024-03-11 14:31:13','2024-03-18 18:25:45'),('Elite Components LTD','Erik Shillabeare','(786) 890-0995','erik.shillabeare@yahoo.com','13459 Luna Lane, Miami, Florida, United States, 33196','62933500-0d11-4488-a878-b970596195ce','2024-03-11 12:16:01','2024-03-21 08:01:29'),('MegaMart Suppliers.','Denice Sutherington','(816) 642-3186','denice.sutherington@gmail.com','1106 Einsgrove Way, Kansas City, Missouri, United States, 64193','634873a2-ebfe-4490-a2e6-339dc141e3ac','2024-03-11 13:31:13','2024-03-12 19:02:29'),('Unified Goods LTD','Otes Rounds','(827) 578-5434','otes.rounds@gmail.com','642 Gilson Loop, Pittsburgh, Pennsylvania, United States, 15266','659d6aab-9519-472a-8d07-ea9bad52b2a6','2024-03-11 11:37:07','2024-03-13 03:41:40'),('First Class Materials','Patric Hartman','(682) 684-5832','patric.hartman@rediffmail.com','5498 Valente Court, Fort Worth, Texas, United States, 76162','66608a4f-6f08-46e5-a4fc-5e930b6345b5','2024-03-11 09:52:49','2024-03-13 13:32:42'),('Dynamic Supplies LLC','Datha Swendell','(816) 705-5410','datha.swendell@gmail.com','14845 Altair Path, Shawnee Mission, Kansas, United States, 66210','66cb4da3-04db-4241-8037-128de2d2e764','2024-03-11 11:23:55','2024-03-18 10:05:34'),('Apex Suppliers','Loise MacNeilley','(513) 927-7492','loise.macneilley@orange.fr','10330 Carytown Loop, Cincinnati, Ohio, United States, 45243','68680bfd-5885-4f5b-8c63-d0fd53e6f204','2024-03-11 09:17:21','2024-03-19 08:34:55'),('Leadway Supply Group','Thurston Clowney','(814) 796-8351','thurston.clowney@yandex.ru','11148 Quail Court, Erie, Pennsylvania, United States, 16565','71b91a59-1786-491e-a825-088bf263aeb7','2024-03-11 08:24:58','2024-03-19 15:14:39'),('Pinnacle Distributors PLC','Alonzo Dilleway','(901) 694-3560','alonzo.dilleway@gmail.com','1897 San Remo Lane, Memphis, Tennessee, United States, 38188','7222ab25-bbef-49ba-ae16-59ceeabd69d9','2024-03-11 12:24:14','2024-03-15 05:18:37'),('Elite Products Inc.','Sean Casarini','(754) 901-8955','sean.casarini@gmail.com','11118 Vidalia Place, Fort Lauderdale, Florida, United States, 33345','78f8fa63-f1a8-4a67-ab61-12afb7347931','2024-03-11 10:48:47','2024-03-11 16:49:01'),('Warehouse Solutions PLC','Jim Keaysell','(317) 160-4362','jim.keaysell@hotmail.com','6997 Shellbark Way, Indianapolis, Indiana, United States, 46231','85d81fd6-36b9-4689-bc35-47074b0b8e61','2024-03-11 17:35:33','2024-03-21 06:34:14'),('SupplyC LLC','Katharine Bartolomucci','(212) 075-5478','katharine.bartolomucci@gmail.com','10799 Folkstone Way, New York City, New York, United States, 10039','8824d2f7-c67c-4801-ac2f-01cfc9325fe0','2024-03-11 10:05:56','2024-03-17 17:09:41'),('MegaMart Inc.','Evie Hartly','(601) 243-8321','evie.hartly@yahoo.com','12326 Red Fox Loop, Meridian, Mississippi, United States, 39305','8ad37107-c9cf-468c-935d-f50401033c78','2024-03-11 09:23:14','2024-03-21 08:05:29'),('SupplyCo International','Tull Mellem','(612) 330-6482','tull.mellem@yahoo.com','3645 Armondo Drive, Minneapolis, Minnesota, United States, 55428','8e5fd3e6-a510-4f21-97ad-1aa73d83573a','2024-03-11 16:20:49','2024-03-17 18:07:50'),('MegaMart LTD.','Bren Grigson','(713) 762-9398','bren.grigson@gmail.com','817 Winnsboro Drive, Pasadena, Texas, United States, 77505','91f25d7f-0be0-42ea-81f9-b80505180685','2024-03-11 10:14:53','2024-03-13 04:15:27'),('Reliable Vendors','Mycah Bartoszewski','(757) 232-6071','mycah.bartoszewski@yahoo.com','9792 Mockingbird Lane, Norfolk, Virginia, United States, 23504','936cdbfa-7cb8-40cc-9ed0-cd935d7d595a','2024-03-11 17:08:35','2024-03-15 06:54:31'),('Northwind Traders PLC','Debee Guisler','(973) 837-3625','debee.guisler@yahoo.com','11114 Overland Terrace, Paterson, New Jersey, United States, 07522','97251b6c-7a72-496c-83c5-d059109ac8cf','2024-03-11 14:56:50','2024-03-15 14:20:40'),('Warehouse Solutions','Langsdon Adnam','(574) 912-7035','langsdon.adnam@rediffmail.com','14761 Hollywood Terrace, South Bend, Indiana, United States, 46699','9896a869-1f90-48ff-8236-5a062c8f5128','2024-03-11 10:01:33','2024-03-16 10:24:33'),('Tech Supplies Inc.','Adore de Wilde','(405) 927-9190','adore.dewilde@gmail.com','1113 May Terrace, Oklahoma City, Oklahoma, United States, 73129','99e980d5-9e3b-4e6b-b3df-e99793b61d1b','2024-03-11 09:24:16','2024-03-17 00:25:25'),('Advanced X','Flossi Stripling','(570) 054-1572','flossi.stripling@freenet.de','1326 Oak Hammock Lane, Scranton, Pennsylvania, United States, 18505','a08133a2-662c-4b50-811b-0679c0aa3332','2024-03-11 15:26:04','2024-03-14 09:56:15'),('MegaMart Internationl.','Bryan Sailor','(817) 309-3144','bryan.sailor@gmail.com','8453 Chavez Court, Fort Worth, Texas, United States, 76134','a1882950-25e8-4dfc-a43a-3b9d08fc14cb','2024-03-11 10:22:35','2024-03-14 00:58:06'),('Pinnacle Distributors Corp','Anna-diana Evered','(203) 859-1304','annadiana.evered@hotmail.com','2782 Kerry Place, Bridgeport, Connecticut, United States, 06673','a1e90e88-2cdf-4583-a2a6-b09f35083b3f','2024-03-11 08:47:59','2024-03-11 09:27:11'),('First Class Materials Inc.','Aurthur Witcherley','(206) 194-7836','aurthur.witcherley@hotmail.com','4959 Gaillard Place, Seattle, Washington, United States, 98195','a74f3a40-c6d8-4e62-872e-fd08dbf547c7','2024-03-11 16:59:54','2024-03-16 22:03:17'),('Advanced X Inc.','Sigmund O\' Flaherty','(212) 883-1766','sigmund.oflaherty@hotmail.com','12931 Bowman Terrace, New York City, New York, United States, 10034','aaa0b788-d3b9-46d5-90b8-804768cd1a5d','2024-03-11 17:18:52','2024-03-14 03:47:09'),('Prime Source LLC','Berkeley Brickett','(951) 694-9334','berkeley.brickett@gmail.com','12364 Independence Path, Moreno Valley, California, United States, 92555','ab289ab0-f475-451e-8267-63a674ed6357','2024-03-11 13:09:47','2024-03-12 16:13:34'),('Warehouse Solutions LTD','Dynah Seely','(479) 234-3102','dynah.seely@yahoo.com','11249 Norwood Street, Fort Smith, Arkansas, United States, 72916','ab6bdfe4-9887-44db-8edb-117f143c995b','2024-03-11 14:19:12','2024-03-20 13:19:01'),('Global Widgets Ltd.','Jodee Lauks','(803) 029-7325','jodee.lauks@hotmail.com','5468 Marietta Lane, Columbia, South Carolina, United States, 29225','ab801f7f-10be-4305-8871-8d1f94f0acc5','2024-03-11 16:15:14','2024-03-16 13:48:07'),('Northwind Traders LTD','Jessy MacKain','(512) 886-5657','jessy.mackain@hotmail.com','10435 Winnsboro Drive, Austin, Texas, United States, 78778','ab97fe4f-c465-4e23-8274-9b8111395cd9','2024-03-11 11:44:07','2024-03-13 19:43:36'),('Elite Products PLC','Daisey MacKaig','(817) 515-9821','daisey.mackaig@gmail.com','2756 Yardley Court, Fort Worth, Texas, United States, 76121','ac559588-af06-4ee5-ae6f-ae828817dc5e','2024-03-11 13:52:52','2024-03-20 15:07:29'),('SupplyCo LLC','Lissa Swaine','(571) 022-7394','lissa.swaine@yahoo.com','2577 Hickey Way, Arlington, Virginia, United States, 22234','b02da231-29a8-430d-ac76-e4035283c80c','2024-03-11 09:57:49','2024-03-12 06:26:16'),('Northwind Traders Corp','Belita Hars','(608) 747-0835','belita.hars@yahoo.com','2263 Shanewood Court, Madison, Wisconsin, United States, 53779','b2188f98-6ed7-4b2f-91c1-f11c1fdbf9a5','2024-03-11 15:56:12','2024-03-19 23:04:43'),('Reliable Vendors Group','Barrett Greensite','(585) 307-8432','barrett.greensite@yahoo.fr','10878 Knotty Pine Terrace, Rochester, New York, United States, 14619','ba336813-e257-443b-b6ba-f648e45bb3d5','2024-03-11 15:23:11','2024-03-15 00:21:31'),('Northwind Traders','Ryley Jacop','(347) 414-0734','ryley.jacop@gmail.com','9460 Marlin Place, Bronx, New York, United States, 10469','ba634010-afbf-4d35-acfa-e70c16c9bed8','2024-03-11 08:57:15','2024-03-12 21:56:44'),('Acme Corporation LLC','Killian Karolyi','(405) 287-8973','killian.karolyi@yahoo.com','4339 Barboza Drive, Oklahoma City, Oklahoma, United States, 73152','ba8b5dd3-5f57-4d8c-a1c0-f8a7c1fcfedd','2024-03-11 13:19:13','2024-03-18 08:50:37'),('Prestige Hardware Inc.','Glory Arthy','(313) 178-2608','glory.arthy@hotmail.com','12250 Knapp Street, Detroit, Michigan, United States, 48206','bc4bacd6-659c-4c8d-bd9d-bad2fbf365f8','2024-03-11 14:06:46','2024-03-13 20:05:48'),('MegaM LTD','Misti Jankovic','(317) 533-1581','misti.jankovic@yahoo.com.mx','2302 Tooke Terrace, Indianapolis, Indiana, United States, 46266','bd481af4-5a34-4346-bb86-8479ae4746e6','2024-03-11 15:05:38','2024-03-17 16:16:04'),('Advanced Resources Inc.','Veda Besant','(714) 788-9491','veda.besant@yahoo.com','8870 Ramsell Road, Huntington Beach, California, United States, 92648','bfc78270-42b6-4b20-9d98-45e43f8a2eb6','2024-03-11 09:33:57','2024-03-12 06:15:03'),('Supply Inc.','Salomi Boullen','(602) 489-7555','salomi.boullen@yahoo.co.in','12749 Thistle Court, Phoenix, Arizona, United States, 85020','c04af2ab-dcea-4909-b295-209fc730d78b','2024-03-11 10:56:56','2024-03-20 06:48:37'),('Reliable Vendors LLC','Piper Fletham','(850) 068-0150','piper.fletham@hotmail.com','4555 Jeff Anderson Way, Tallahassee, Florida, United States, 32304','c17f8ec9-c658-47e7-a7e3-f3368cd5bcd7','2024-03-11 09:05:36','2024-03-14 18:55:43'),('Elite Components PLC','Starr Brennand','(202) 469-1188','starr.brennand@yahoo.com','103 Forestbrook Way, Washington, District of Columbia, United States, 20299','c5ac8482-a2cd-43d4-b428-e89f94f718e3','2024-03-11 16:26:39','2024-03-14 20:39:55'),('Prestige Hardware LTD','Carolee Chander','(202) 342-3959','carolee.chander@live.fr','13649 Dundee Terrace, Bethesda, Maryland, United States, 20816','d03a1c5e-78db-43ca-b539-af1a7f8771a1','2024-03-11 11:30:25','2024-03-16 10:22:07'),('Prime Source','Averell Noli','(309) 125-2714','averell.noli@aol.com','7924 Montbrook Place, Bloomington, Illinois, United States, 61709','d3cb7f29-909b-42bf-bcfd-5351e45d7a9e','2024-03-11 09:43:03','2024-03-21 02:44:12'),('Innovative Parts Group','Cris Hupe','(720) 601-4408','cris.hupe@yahoo.com','10075 Jeff Anderson Way, Denver, Colorado, United States, 80223','d5283fcf-882f-4238-88ee-49ef893e4327','2024-03-11 16:10:04','2024-03-14 13:35:05'),('Elite Components','Wash Winkett','(804) 621-2585','wash.winkett@yahoo.com','3094 Tim Terrace, Richmond, Virginia, United States, 23237','d6c297c1-7737-45fd-8c46-98396c8c6984','2024-03-11 09:39:52','2024-03-19 02:28:08'),('Advanced Resources LTD','Harwell Lembke','(508) 754-5259','harwell.lembke@orange.fr','6205 Jacaranda Avenue, New Bedford, Massachusetts, United States, 02745','d7d7dd31-30d7-401a-b41c-e6208672e838','2024-03-11 10:30:52','2024-03-13 16:20:54'),('Acme Corporation','Noam Daglish','(901) 718-4213','noam.daglish@gmail.com','11961 Caruthers Path, Memphis, Tennessee, United States, 38161','d9586c71-6320-4c69-bf99-e74fb62e81ef','2024-03-11 08:44:17','2024-03-15 18:03:54'),('Elite Products Corp.','Nonna Shawley','(806) 458-5077','nonna.shawley@hotmail.com','8260 Carmalt Lane, Amarillo, Texas, United States, 79176','d9d02b85-3319-4209-8145-a0073e1ebef6','2024-03-11 16:52:21','2024-03-15 04:10:15'),('Advanced Robotics PLC.','Adolph De Meyer','(717) 032-3653','adolph.demeyer@yahoo.com','8450 Madero Drive, Harrisburg, Pennsylvania, United States, 17110','db32be99-c920-454f-b5d8-e77b0515362c','2024-03-11 15:13:54','2024-03-13 11:57:19'),('Acme Corporation PLC','Emile Rubinivitz','(251) 029-2300','emile.rubinivitz@gmail.com','10416 Ink Spot Way, Mobile, Alabama, United States, 36610','de9e46c4-56fd-424f-90e4-fedad5cbc986','2024-03-11 12:37:16','2024-03-15 06:30:50'),('Advanced Bionics Inc','Sophronia Jeannaud','(612) 774-0880','sophronia.jeannaud@gmail.com','7990 Batally Court, Minneapolis, Minnesota, United States, 55480','deac112e-7d50-4827-bb02-d92f5b8dc5a5','2024-03-11 15:02:17','2024-03-17 05:07:33'),('Prime Source PLC','Klara Winnett','(754) 587-3161','klara.winnett@yahoo.com','4326 Deskin Lane, Fort Lauderdale, Florida, United States, 33320','e0c4ab03-62bf-492b-9f2a-e2cba9b1e9c8','2024-03-11 13:08:25','2024-03-14 14:27:34'),('Advanced Resources PLC','Boigie Emett','(505) 693-0774','boigie.emett@hotmail.com','1865 Alan Avenue, Albuquerque, New Mexico, United States, 87115','e3ea287e-858b-428a-919b-7a63a9fb5ba1','2024-03-11 13:41:41','2024-03-18 06:49:51'),('Leadway Supply Group PLC','Benito Mosdell','(540) 829-6134','benito.mosdell@aol.com','8499 McCloy Avenue, Roanoke, Virginia, United States, 24004','e8be1b32-cf60-4441-8114-f94805974e54','2024-03-11 13:38:14','2024-03-12 23:42:38'),('Tech Supplies LTD','Orren Raspison','(518) 747-8683','orren.raspison@hetnet.nl','4270 Rhapsody Path, Albany, New York, United States, 12242','ee7cac65-f1b6-4b16-9f17-503b4e361af7','2024-03-11 13:05:39','2024-03-20 10:48:47'),('Reliable Vendors PLC','Darn Burkwood','(202) 478-4814','darn.burkwood@hotmail.com','11361 Paddock Place, Washington, District of Columbia, United States, 20215','ef7c045c-b689-4623-850c-92815e7651f6','2024-03-11 12:40:55','2024-03-19 09:44:23'),('Prestige Hardware Inc','Shirley Lighten','(317) 967-5891','shirley.lighten@hotmail.com','9949 Albatross Avenue, Indianapolis, Indiana, United States, 46266','f08d0354-edbf-444e-9c8f-98670ae287f4','2024-03-11 11:48:04','2024-03-19 21:29:53'),('Elite Products','Chelsae Delouch','(727) 352-7788','chelsae.delouch@yahoo.com','12947 Alexis Lane, Largo, Florida, United States, 33777','f2aff6d7-80db-4f18-a338-d2b2e1f42c5a','2024-03-11 09:56:43','2024-03-17 12:28:14'),('Prestige Hardware PLC','Monika Tomblings','(650) 572-0899','monika.tomblings@gmail.com','10412 Coven Court, Palo Alto, California, United States, 94302','f48465fe-9140-484e-a9b5-905667f44fc2','2024-03-11 13:25:13','2024-03-21 11:25:24'),('Innovative Parts Suppliers','Wally Natalie','(303) 576-1481','wally.natalie@hotmail.com','14211 Alcaraz Place, Denver, Colorado, United States, 80241','f5202606-24c7-40c4-961f-702c988e4dcb','2024-03-11 14:39:42','2024-03-17 03:11:50'),('Prime Source LTD','Reese Barenski','(702) 060-7891','reese.barenski@comcast.net','2387 McCloy Avenue, Las Vegas, Nevada, United States, 89135','f9199bad-121b-47db-980d-f101e6a7d9f6','2024-03-11 12:10:35','2024-03-15 15:10:06'),('Unified Goods LLC','Anitra Hailston','(210) 846-9155','anitra.hailston@charter.net','4035 Saginaw Avenue, San Antonio, Texas, United States, 78285','fabbeae0-53f9-4575-a3be-0748455069aa','2024-03-11 15:37:00','2024-03-20 14:49:13'),('MegaMart PLC.','Katya Sandbach','(402) 803-3443','katya.sandbach@hotmail.com','8301 Govan Place, Lincoln, Nebraska, United States, 68524','fcba68c1-dcd2-4f93-92b5-da026b18e2da','2024-03-11 10:07:27','2024-03-13 07:43:39'),('Pinnacle Distributors','Wendy de Zamora','(859) 237-3641','wendy.dezamora@gmail.com','2399 Yates Avenue, Lexington, Kentucky, United States, 40546','fd1d577a-832a-4905-95bf-e41af9708929','2024-03-11 17:27:43','2024-03-17 08:55:23'),('Acme Corporation Inc.','Bevon Fleet','(817) 280-6788','bevon.fleet@aol.com','7174 Grassmere Street, Arlington, Texas, United States, 76096','fd6c9073-64d6-4179-88e7-d46cc3178482','2024-03-11 15:33:46','2024-03-13 13:53:16'),('Tech Supplies','Cullie Banker','(571) 181-5676','cullie.banker@yahoo.com','369 Heather Hill Loop, Sterling, Virginia, United States, 20167','fff61ada-a204-4178-8cc5-eee7bec39b31','2024-03-11 16:05:07','2024-03-16 17:11:17');
/*!40000 ALTER TABLE `suppliers` ENABLE KEYS */;
UNLOCK TABLES;

--
-- Dumping data for table `transaction_items`
--

LOCK TABLES `transaction_items` WRITE;
/*!40000 ALTER TABLE `transaction_items` DISABLE KEYS */;
INSERT INTO `transaction_items` (`quantity`, `unit_price`, `total`, `transaction_id`, `product_id`, `id`, `created_at`, `updated_at`) VALUES (731,39.99,39.99,'bd11a68f-01ce-4606-ad1e-374aa66d5ba3','82163ef4-baf1-4c73-bb07-6116df9e395b','02614ff5-8c3a-452e-b768-ad810e86c12a','2024-03-11 12:35:17','2024-03-15 16:55:55'),(328,19.99,19.99,'19472a53-4cca-41f7-8231-28542a8fc136','582e39ea-1e30-4293-b8aa-ea99908fd18b','03d685e6-89ed-49ed-960e-1e141742e4b8','2024-03-11 17:35:13','2024-03-12 23:57:40'),(880,3.49,3.49,'4f75b921-0419-4660-b19a-e3e8e66a14dd','37b8c43e-2999-43b8-8fe7-81db6c07018c','061bb9dc-8ab5-4507-9d7e-7088b9d7328d','2024-03-11 14:42:35','2024-03-19 06:03:46'),(476,1.99,1.99,'d89b2e32-d12c-40ab-a930-57f13a0af629','4a6c7f37-8a68-4c8b-93df-4b5f795de650','0b45b834-d439-4245-90f7-163a3dc2af66','2024-03-11 17:05:25','2024-03-12 22:31:36'),(254,22.99,22.99,'aafae44b-3d5a-42eb-a8ed-c85521a7c072','e0179d9a-db37-40d7-81d5-1f8e140f1c42','0cdca483-623e-4f2f-b8b7-b13710949c43','2024-03-11 11:17:55','2024-03-15 03:20:01'),(244,5.99,5.99,'0a07c944-a9ad-4c7b-97f8-00cb571a23e1','0b60d988-5143-4a46-8046-c567f14bd96e','10e0bffa-6701-47a7-ab46-9d46b8d62004','2024-03-11 15:40:42','2024-03-17 19:28:51'),(414,6.99,6.99,'c3898a66-443a-472a-9cb4-09ad04011a6a','a7161268-a892-4fe2-a4fe-63200db7f361','10f14526-8137-4801-bca5-b039da26dd9a','2024-03-11 15:56:44','2024-03-12 06:03:58'),(16,16.99,16.99,'069897eb-7a2b-427b-ab32-703a216fcd63','eb6d19d2-24ea-45d0-bab1-30ce711bc3a8','13291745-12e4-49ca-acb2-f3ab17fbead1','2024-03-11 12:10:58','2024-03-20 23:18:27'),(995,24.99,24.99,'86eec31a-6f1b-4df4-ac6b-dc6b2c786aec','7d996844-86d2-49f5-908e-a59b5fb402fe','1618e951-1ada-4088-b7af-56b8692d5b9b','2024-03-11 16:54:06','2024-03-13 14:17:13'),(940,5.99,5.99,'e1b1374c-7f9e-404a-b78c-f437f3f956c2','65ca2516-c77f-4c15-9d4e-cc6ae71444f9','1a90f920-e409-4ec1-a5c7-0137b7282328','2024-03-11 16:16:26','2024-03-13 04:22:00'),(98,2.49,2.49,'88d9b035-ae46-45e1-8f94-1cef2d60c996','9837bfa5-fb19-4ef3-adf4-6d64f922715e','1bf41815-217a-4e47-b723-a45e62dc988d','2024-03-11 09:00:17','2024-03-17 01:10:22'),(861,22.99,22.99,'ce653e3c-9679-44f0-924f-5349e7d3b1ac','38afef96-5ca9-44ba-a2f3-5d8450f3316b','229aaed8-594d-4abd-8217-0af2927dc8aa','2024-03-11 17:45:02','2024-03-17 16:28:56'),(218,29.99,29.99,'5885e97e-11c8-4a92-8a58-515f1067fd0d','357c261c-776f-4881-b650-23f4cd215e61','236c7221-b30e-4f09-a86d-ebdf5308b20f','2024-03-11 08:51:44','2024-03-14 18:50:41'),(635,22.99,22.99,'e66bd0ab-6dfd-41e9-afec-ab52b8c5a9b4','46039d6f-b6f8-494c-a9d5-894f58a1f6df','25ce12ab-42f2-4a33-8ace-10dcd5c82c5f','2024-03-11 10:51:41','2024-03-19 08:35:10'),(863,49.99,49.99,'9419648d-4fb1-4823-b977-949ec1cf2fc1','bb113190-0c27-4c44-84fc-58b99b7d8a3c','2eb3f6f8-d0b5-4a82-921c-117d9476d440','2024-03-11 12:15:52','2024-03-16 02:19:53'),(587,15.99,15.99,'2baa83d0-354f-4859-ae0e-d8485bc4c6c1','aa0e3bae-b40f-4f06-a69b-16c0365d7081','30ae8e8e-da52-44e9-8628-05ff3ace4003','2024-03-11 13:27:18','2024-03-12 02:15:14'),(223,18.99,18.99,'24132e15-e4ed-41b2-b388-a34cb9b3c4c5','7efe85f0-fedc-4369-89a8-548d39d6c4e4','30e03264-46c4-49ed-bfad-dbb6ac781b4c','2024-03-11 13:58:18','2024-03-16 14:54:12'),(701,14.99,14.99,'66df910f-851b-457d-93dd-afaa0febf76a','8f285466-3a6c-49d5-87b9-61b480c8559d','348e26a4-6aa8-4327-9b1a-e73835f967d5','2024-03-11 15:17:36','2024-03-12 11:21:08'),(51,45.99,45.99,'f9908c5f-3aa4-415f-bc6d-97b13f379714','9e0aeaeb-3abe-4d2c-b3fa-dd7b9fabc05e','3a0c5b87-6838-4d86-beb9-ff182a3c0e04','2024-03-11 10:32:25','2024-03-12 21:29:01'),(585,59.99,59.99,'f2838d06-62b0-4f6c-8659-08fea5d8f5b8','76975778-0f31-4cf1-9afb-60b67d084627','3a2ab94a-2ec7-4351-8da6-61ff6be466b7','2024-03-11 08:53:19','2024-03-15 12:59:07'),(20,5.28,105.60,'16d6bd09-7444-4fc4-902d-705727f11ded','ea9573d0-717f-4ad7-a9e9-4702bb3233be','3a552ebe-11f4-4dda-92ca-588d0a97de05','2024-03-11 15:30:56','2025-03-12 14:02:04'),(556,4.29,4.29,'05966f7e-84a6-44bd-8168-9e87020c748d','57684257-77af-4a3c-b3be-1a88f2ebe774','3be5bbee-b3b2-4a04-9a42-2a8ddb8d9dbc','2024-03-11 10:25:12','2024-03-19 13:08:54'),(577,49.99,49.99,'842071d7-7713-4111-9495-ee97f3c8192b','2d189b5f-2936-4e2d-8b31-f718447f365b','3c7271cf-9ec2-4b39-91cc-430ec2e8e06a','2024-03-11 08:35:26','2024-03-12 11:33:53'),(97,59.99,59.99,'eeda0f5a-7d70-4f79-a590-1c30be3c7a76','95671ca7-1bac-44ec-a596-101c67b669db','3d66831b-5308-4e91-bcbe-0372060a6e7e','2024-03-11 11:40:10','2024-03-18 08:43:33'),(92,3.59,3.59,'42ec0d4c-6a62-4a48-a9de-2302a7b5da58','014521a2-05a6-4eef-b57d-27da32631e6c','3fadac87-e8f5-468b-ba48-e36f3b228eb7','2024-03-11 17:42:42','2024-03-20 09:23:38'),(462,12.99,12.99,'b9988e58-53bc-4ed1-bcf8-87447ad44019','382e0595-2ce2-4195-97f4-6a366811f3d0','4020b982-4feb-4300-a251-5c3f77acc561','2024-03-11 17:00:21','2024-03-21 13:44:36'),(845,29.99,29.99,'8cb8a156-ece2-4787-902b-679d014b853a','e4cd06b2-a24a-428d-8de9-75160a2b3795','4090e653-29d1-4a98-afaf-bbd4ff2c9137','2024-03-11 10:04:36','2024-03-11 21:12:11'),(691,2.99,2.99,'4014fa57-25eb-4d3c-bde0-7cb2a09a2d2a','5b528bc3-6c3a-4b27-9ca1-c913d34dadd3','41a541ef-0adc-4cd2-94fc-4714a22acc90','2024-03-11 14:56:15','2024-03-13 06:48:18'),(571,5.49,5.49,'89027b90-a2a1-49df-b048-a4384b9a7040','b4559d67-0883-437a-a354-b0642aae8bae','43e79b54-1576-4814-b08d-9f0b7d041761','2024-03-11 11:33:32','2024-03-21 05:04:44'),(425,5.49,5.49,'857e74c8-2247-4c21-abe0-236dc32f1dbe','3ad16ac0-2a0c-4e81-96a3-5ac9c377b14f','44758bdd-1c6d-491c-a0d4-d349325e99a7','2024-03-11 16:24:54','2024-03-18 18:17:44'),(921,29.99,29.99,'ac4b7b38-09a1-4036-a260-3a7d28edfc75','6003926c-4ac0-42c8-8fc2-e66ca68a9ba6','478e7269-7ba9-48c8-a98c-35a13ddcb699','2024-03-11 17:07:00','2024-03-14 01:01:28'),(580,3.39,3.39,'bf157673-e021-403e-bc38-ad7615b9dde8','0ca301ae-5d53-406a-9a7c-bcd8708e5f3c','479b92fc-a470-4e57-b252-b18f56c01e33','2024-03-11 13:20:33','2024-03-15 07:26:55'),(67,4.50,4.50,'35043c77-14ca-4bb4-a0cc-2cec2e3b7e19','b009d0e7-44dc-455c-8c57-e8b3120cf674','4c2a06c1-8788-4bc0-b24d-4b757554747e','2024-03-11 11:56:18','2024-03-19 02:33:39'),(829,39.99,39.99,'2ea5779c-30ad-461f-b839-a6c815c250ea','504f306c-0a4f-4e86-b0e3-1d650c8eb0e6','4cc480b0-9aeb-410e-a5f2-b67c49a9b398','2024-03-11 12:41:43','2024-03-17 16:02:10'),(34,49.99,49.99,'bcce256d-3f35-496c-8756-81991d8397de','25d2dbaa-6255-43ef-bc41-dba5d26e4b73','4fcd5a72-ee41-499d-b322-5fb6dbb4d1e9','2024-03-11 10:54:55','2024-03-15 05:27:50'),(109,32.99,32.99,'8a4a7d45-ba24-4cf0-a84e-6c8a7596525c','5d5f3591-d6ca-4b26-9a8b-2c4f1dee10f0','5391c050-f4b2-4cb7-91f9-311213134c4e','2024-03-11 10:41:58','2024-03-20 17:23:15'),(917,29.99,29.99,'21bef141-92b5-4283-93a4-af2584b9ed07','f883b4ec-a916-4d7b-baff-09991958d812','556ef649-0ce3-4f89-b4ed-cfa6e6af08a5','2024-03-11 15:04:55','2024-03-15 05:27:55'),(325,24.99,24.99,'0359e66c-df51-47de-b2d2-a4fc6f66387d','3cf89cd8-c667-4f94-89c7-323043e81a9c','563d16c1-bdba-4f6e-857d-c35362b3d6f0','2024-03-11 09:25:41','2024-03-18 22:32:40'),(716,249.99,249.99,'b606efc6-58b0-4722-a141-026338f53294','ee3f942b-e9ff-4d1c-aa79-25802faaba91','5cf62e63-ed77-4f7d-bfe7-a67d9e3beaa9','2024-03-11 13:50:38','2024-03-17 12:32:09'),(692,1.99,1.99,'66227a3c-4c27-47a8-b807-f2d50ed73e55','78d4047e-2146-4ee3-84b6-4638cbcfe6d0','62366fdf-b23b-4d65-869f-408bb5431a1d','2024-03-11 12:56:42','2024-03-19 16:28:37'),(39,59.99,59.99,'d23aff32-79e5-4579-aea2-8973af645530','a75ba069-0383-4197-a95c-d80c7a13accc','63a4c2d1-0404-40c5-8aa0-68a155dd1058','2024-03-11 12:44:01','2024-03-15 21:06:54'),(820,3.79,3.79,'305bcd08-681f-4d6a-be90-7012911941df','ad204b3f-a558-4f2c-9b9a-9cba624cec5f','66308495-f21a-43cf-b294-3511ebf8f5d3','2024-03-11 16:06:42','2024-03-19 16:46:37'),(186,34.99,34.99,'4fe9e614-2be3-4a20-8ca9-6b0b27fb51a0','3be1c4bd-0c7f-49ea-b5f6-3f94d598f928','663e7b7d-b393-4202-b069-01ae5a7d8197','2024-03-11 09:11:01','2024-03-12 10:33:49'),(680,44.99,44.99,'80b36f45-bb91-47a1-a0c5-e20b4835267a','d84413a6-3d24-4d7c-8b52-8e976aeadb4b','68d1a45a-bad6-4e6d-b04e-62db3bae76db','2024-03-11 13:36:37','2024-03-12 21:28:00'),(658,3.99,3.99,'cf068349-51e1-4b9e-b36f-fa42729d6281','d666be3d-609b-4dca-b3cb-e0e328868729','68dcef04-dabc-453c-9c62-e0dd52158672','2024-03-11 14:53:29','2024-03-16 20:40:56'),(769,49.99,49.99,'83143cdf-520d-4fb2-bfed-67ac1ce10dc1','9607649e-10a4-4ada-8356-ac1ab1fc5331','6dcdb1a2-47e2-479e-8293-a0e7b2079309','2024-03-11 12:53:58','2024-03-16 21:42:23'),(7,299.99,299.99,'e379255a-7ce7-409b-a987-f0c936bb770d','c3fb1c76-f1f1-4442-9e1a-4295446bb64d','746b2a3e-fef5-4807-bae3-088add8974a3','2024-03-11 11:12:35','2024-03-12 23:06:08'),(796,34.99,34.99,'94b306a8-ed76-4589-bed5-5c4c8caca5bd','596287a7-737e-4fcd-91e0-9d92630fa7a0','7476ffc6-01bf-4b83-ab3a-bc5a0f1dbc9d','2024-03-11 16:44:44','2024-03-18 09:07:01'),(749,129.99,129.99,'1f47f9ed-2f5e-48fb-802c-b831fee81300','afa45a6e-be01-4c61-b05a-8d727b136230','789ea228-4c5d-4da5-a50e-44e829c5a154','2024-03-11 08:29:46','2024-03-13 06:38:02'),(266,14.99,14.99,'e33f8600-1763-4b6e-b1f1-852cdccdce3e','85d28d0d-7aa1-472e-9822-363217460ca9','79460287-e905-4f37-886e-90aeab49d440','2024-03-11 16:55:19','2024-03-20 01:53:09'),(352,39.99,39.99,'1b4bd243-c16c-421f-9826-6e05b915a8b1','2a48367a-507f-49e1-99cc-c56d62e7192b','79519c69-905b-4c7a-bebb-a2b710ca1d01','2024-03-11 15:08:31','2024-03-15 01:35:42'),(514,109.99,109.99,'96278b13-09e0-47c5-99f6-b437aa3d82ef','3a0cd6f4-fb6d-42a0-bf8e-fb0d09b1c9c7','7a824358-607b-47b3-8547-96b057f1a527','2024-03-11 17:24:09','2024-03-16 08:56:43'),(166,49.99,49.99,'7fe062d3-8392-4dc8-81d6-5cd198c33755','fc46b1a3-b390-4be2-ad4c-c3a49b08dc11','7b9fcd91-9b81-447c-97ec-f6c8c3ddf044','2024-03-11 09:20:00','2024-03-13 23:57:06'),(490,5.99,5.99,'7f459fee-e7b5-4d0f-9259-184683f165cc','79bf3f9a-93c1-403b-9e9a-9a5dfacaff95','7c21a4fd-2965-4c1c-8734-6f0d91ef0225','2024-03-11 11:24:00','2024-03-12 05:51:49'),(675,14.99,14.99,'ab5e80de-f2d0-4cbd-a9e8-c6e0e6116503','ec8d6b28-4c91-449f-9e6e-829db696c525','80d23252-fcdf-42c4-90b7-36259b850514','2024-03-11 12:25:12','2024-03-12 11:04:32'),(255,2.49,2.49,'8eb65fba-9898-4161-b839-c74daffc8d29','bd3fb554-1a41-4b96-bf06-ba772b4c9d21','80fdae33-40c9-46d9-b5f6-3ec17361ff86','2024-03-11 09:46:52','2024-03-14 02:21:14'),(663,3.49,3.49,'ad93a74f-00be-4dec-89a2-3cf1129e31c6','5d7d448b-63dd-40dd-b1bc-7ec99ca8512f','835eb3c1-d4e8-4bb4-8881-229bd9ae43eb','2024-03-11 16:09:10','2024-03-20 05:42:10'),(308,29.99,29.99,'4ed02aed-59e1-4822-a720-b5c7646b60c2','29df5589-fa5a-4b2e-9326-ec280dfbef77','89900b29-bba9-44bc-b877-2756dd975e5b','2024-03-11 12:59:28','2024-03-19 15:25:02'),(533,14.99,14.99,'a85618da-c554-48ad-b7cf-13754c196582','c97deedf-09e1-49b0-b0ba-c1172b882f2b','8f07036b-0523-4bf9-a964-dfc17e3d9f5b','2024-03-11 17:25:54','2024-03-13 08:48:27'),(932,19.99,19.99,'091b19e7-b7c1-4754-b7eb-58340ef09507','09fd7a93-fe35-47df-bd58-bd252bef05f8','8fd91d29-f4d6-4785-8179-df3b128f2009','2024-03-11 13:44:27','2024-03-19 11:26:36'),(251,3.69,3.69,'ea4c6ae3-e952-4ef1-8065-e8d4f257f800','d5e19e23-3c6b-4e74-be98-9c7416b34265','912365a1-9feb-4f38-80b0-0a5b2ea8ad2f','2024-03-11 13:10:18','2024-03-14 03:59:19'),(368,2.49,2.49,'de80c1ca-2806-44a0-9fd4-2dd9839c329f','9a58e46b-a2b2-4f88-a09d-95eeccd2e1ae','957d21ea-6a00-46f5-96e3-93aa565dcc06','2024-03-11 15:39:34','2024-03-13 00:34:25'),(441,2.99,2.99,'934e49da-3c44-4647-af2e-4d9cf0ba5632','71752a71-deae-4e75-8807-e322ff3aade4','9748b9c3-f295-436e-b24a-a2e675b85ea4','2024-03-11 16:21:19','2024-03-14 04:58:00'),(800,2.99,2.99,'1a6bd80a-ef3c-414f-8608-6965c3d948e8','b1ae3940-9699-4dd6-b32f-57bf2c5855e9','9b5c1743-bfbb-4f04-a69d-9427449df956','2024-03-11 16:51:23','2024-03-13 16:56:37'),(419,34.99,34.99,'a6994df1-ccc0-480d-b4f1-9bf6442ad348','ca2bc996-da49-45b2-88eb-cf76b7e2a2da','9cb90317-7cc1-4358-8263-f8ca92d98071','2024-03-11 12:01:23','2024-03-20 10:28:22'),(895,39.99,39.99,'c8256290-9090-465a-92f7-cf8aa6805273','b75b43f1-83b5-4c8f-930b-fa450aefa1c4','9d75e4a2-e999-4dd6-9964-5e9577cd9b6b','2024-03-11 11:04:22','2024-03-13 22:36:38'),(304,2.99,2.99,'d3d36a73-cd0e-4a71-bba0-4e3bf012f19f','805f9ea8-a657-41c9-b036-a252610c9263','9ec704c4-9011-460b-b634-b65f7e6233a0','2024-03-11 11:49:05','2024-03-14 17:27:43'),(336,39.99,39.99,'64cb1396-20bb-4c53-a830-4fe964d19dd8','6003926c-4ac0-42c8-8fc2-e66ca68a9ba6','9f241a41-1e75-4b09-8d24-96397caeaf0a','2024-03-11 14:39:48','2024-03-19 21:36:38'),(306,2.99,2.99,'aac8fb91-6d31-448d-a125-3128226f2df5','3151f65d-f36c-40a0-8a64-034b1bf53980','9ff3ff03-550f-4e71-a094-e6f98ce4f2ba','2024-03-11 09:32:55','2024-03-18 01:57:05'),(329,3.49,3.49,'91d6a127-391f-4f4d-922c-768072feec14','bab7376b-5350-4047-9c24-3e4e530313af','a0de5388-ae0f-49da-bc92-3f0054976076','2024-03-11 10:14:02','2024-03-20 14:57:42'),(148,12.99,12.99,'dc50c62f-bb3a-4aad-b523-dec3a829b2e0','459cdba2-dad9-4cf9-8235-c3d31d9eb78c','a10b6751-3201-4514-9b3b-7d192b5b4ab8','2024-03-11 15:52:53','2024-03-11 17:58:11'),(814,3.79,3.79,'2fcee0df-d0cd-4c09-86b3-2444e468e0cd','14622851-8a8d-419f-abc3-5f372eab4930','a2428c01-8791-4434-b496-62fcb2e88a3e','2024-03-11 15:23:27','2024-03-13 01:10:01'),(630,3.49,3.49,'7280dd39-9b65-4a60-8615-f315bb8ec9e4','c587aeaa-5e87-4146-b2c1-3da3a370aa0a','a44145b4-b336-433d-a732-46d06c608f0b','2024-03-11 16:31:26','2024-03-18 11:20:31'),(546,5.99,5.99,'450941ab-53c6-47a1-b18d-3774c914ab06','cb7210d5-e4c6-450c-8985-afe86e165c31','a7b62945-55ab-4af4-bfbb-a888f5f89279','2024-03-11 08:41:52','2024-03-13 10:28:32'),(244,59.99,59.99,'e3b03bf5-4744-45a6-8eb5-7214f6051726','873e6386-1d54-4c52-9c5b-c1c0cd779f17','aa463042-da6f-4d1a-93e9-88cfc5226b2b','2024-03-11 12:03:43','2024-03-20 06:03:43'),(205,79.99,79.99,'5f01bdfc-7e2c-420a-8d51-9bc8a89cb668','9a623099-f5cb-4c09-a3cc-ec696db61d97','ab92e9f0-8121-4c0d-b3f3-f6350b9766b2','2024-03-11 08:28:44','2024-03-11 23:45:50'),(532,3.99,3.99,'75757a37-7d61-4e06-b9df-fb82a7147d26','3dcf60b6-5bd1-492a-8642-7ed2118b46a5','ae179d3a-d356-4ba1-9e42-6fabf6643732','2024-03-11 16:35:57','2024-03-13 05:29:28'),(959,39.99,39.99,'2ad25227-0023-4e97-9b80-f75fb53b4242','35c2301e-e28e-45ed-89c4-d7d0f5769ada','b393b1ed-04ff-46d9-8307-52acdab28a66','2024-03-11 12:21:19','2024-03-16 20:12:42'),(274,4.49,4.49,'d4fa97f6-956f-4476-8c63-8e1f3687359e','4610e4db-196c-426f-a96e-c749282bc9b1','b55597e0-aca0-4da2-9733-769560c365de','2024-03-11 11:29:57','2024-03-19 04:48:34'),(311,69.99,69.99,'9a2ff2b6-c4eb-4169-90a0-b72632dfd964','c238bec5-4615-4b18-80fc-df8d9c82e7eb','b678b480-6cf6-4eed-96c9-3769fac7ec9a','2024-03-11 10:07:52','2024-03-14 19:10:47'),(965,2.99,2.99,'4e1e3a9f-2439-4e78-8204-3b78ed0354d4','72617780-0558-4d00-b6d4-3f3b160d0ff5','b77013fa-5e9a-4c5e-9b90-7c495025f1b6','2024-03-11 13:15:45','2024-03-12 18:44:26'),(992,10.99,10.99,'5cba91ae-6713-4ee8-bdb9-2fcac9da33eb','80838778-0213-471c-86ad-56e6172e6824','baf43f70-43cb-496e-9e14-2b1bde0401ce','2024-03-11 14:47:08','2024-03-19 01:57:48'),(893,4.99,4.99,'038a286b-dfda-44fb-bda7-8f9484eda675','95824cb9-ddd2-4bc0-b13c-3ddd4c5c1df1','bd57157d-aeac-4e2d-b52e-ffe9d399a93f','2024-03-11 08:44:57','2024-03-13 20:39:14'),(273,1.99,1.99,'c91e8f05-37a5-4e89-9e7e-8808f31c18a3','6003926c-4ac0-42c8-8fc2-e66ca68a9ba6','c42c5b75-476c-4195-9f18-bccd3579996e','2024-03-11 08:24:58','2024-03-15 19:08:30'),(121,1.99,1.99,'07573753-42f7-4d79-86a7-1e7cca4b8113','0020c96c-3d1d-436c-bb49-3b95c3cedb2c','cd191e1c-ce7e-474c-915d-3cf9623130b8','2024-03-11 14:34:01','2024-03-13 12:40:35'),(949,2.99,2.99,'1a5b0c75-8986-450b-b25d-bd3c556c3f02','14a33aea-e671-46ed-8042-9dc6026b05c2','d6742dc1-49f2-40e2-9e14-7fd5c5255142','2024-03-11 09:01:35','2024-03-15 07:24:02'),(312,4.49,4.49,'07a3e92f-e710-44b5-8c60-ac36efa3e6b4','ca1a7af7-6f77-4d7d-90c3-96459a32e8ca','d7fd40ae-8099-46b8-9482-d972684cce20','2024-03-11 13:02:59','2024-03-14 12:32:13'),(475,12.99,12.99,'763f30b0-5cec-4a50-8a19-dcf91431fe6e','9f718653-396e-4686-ae24-ff4f4700f10e','e4f5dfaa-73f2-4839-8cbb-4dfb9e7bd554','2024-03-11 09:54:50','2024-03-14 08:39:24'),(477,2.99,2.99,'849a8659-68b1-4718-8879-47beffb91379','2cfcc3b1-06b3-4a3e-acd5-e736bbaf9d79','e74157a3-f659-4522-9a18-28ad71a36af0','2024-03-11 17:14:37','2024-03-19 17:22:57'),(780,7.99,7.99,'f1fce7e8-a6d7-490f-8f69-506cd5064b42','3eb3b040-de77-4ce2-850c-043e505d1d9f','e8577f2f-8f13-4550-8180-efbf1f5f8028','2024-03-11 14:12:43','2024-03-20 02:21:20'),(768,1.29,1.29,'b69db9c6-1fc6-49fc-9ccc-fb871ec76269','f7c3398c-352c-466c-8ea2-dcbf7a30c82b','e86ee8d2-ec8c-40a2-9a71-a639bbed6264','2024-03-11 15:43:02','2024-03-12 00:46:24'),(450,39.99,39.99,'545036d0-152a-4b64-8635-38049daa8030','86fbf889-e34d-4aa6-9f6d-80ef45c24885','eb999b0a-d948-4228-aef9-de089fd3bf75','2024-03-11 14:24:24','2024-03-17 20:19:01'),(487,4.99,4.99,'8ed6fcc1-abac-467f-903d-7df2db93b2c4','3a41e194-066b-4a08-b21b-f3c975a579da','eefe33eb-ae10-4d2f-a896-d59498d56d79','2024-03-11 10:19:58','2024-03-18 07:38:26'),(467,7.99,7.99,'8505c3f9-afea-4e69-b17e-049276446f4f','cb2426dc-2f58-4e30-82e6-7dc72fb9eac0','f1b4ffe5-82b5-41eb-b782-e3f3bd695b80','2024-03-11 10:00:16','2024-03-14 22:31:47'),(955,24.99,24.99,'30d87ab2-8464-45c2-aac8-948e8c30d5c8','f92dc3df-acce-47b0-b138-3a33e5493551','f59387fd-a378-4bf3-9af2-b34518814be2','2024-03-11 15:50:22','2024-03-14 17:02:43'),(926,12.99,12.99,'35a93d5d-0852-4b5c-a161-33aeceae8488','c478f906-dc3c-4a70-acac-2d703afb5490','f66b0d1c-ec49-434c-8188-4227b9e3a084','2024-03-11 14:07:19','2024-03-19 06:09:40'),(588,3.29,3.29,'b277ed10-617e-4396-80e3-0a61c28f4f5c','43073387-cd76-4d0e-8bde-30c7585ba529','f8912de4-88c9-44a4-bc51-4c2a218ab8e6','2024-03-11 09:40:44','2024-03-11 20:15:02'),(606,39.99,39.99,'158846fb-3b60-4139-9485-e545b9986886','d63d803c-cb81-49b8-9189-dab034994159','fa5bfa69-9432-419d-b075-b28b4d714cdf','2024-03-11 12:33:50','2024-03-11 20:35:36'),(50,34.99,34.99,'51670bd3-7cb6-460f-9797-41b09168bac4','060eee16-00a5-4353-8c44-97ef1e73077a','fbedc826-de7a-4626-8ef7-6b7dd18be3e6','2024-03-11 14:17:12','2024-03-18 02:36:49');
/*!40000 ALTER TABLE `transaction_items` ENABLE KEYS */;
UNLOCK TABLES;

--
-- Dumping data for table `transactions`
--

LOCK TABLES `transactions` WRITE;
/*!40000 ALTER TABLE `transactions` DISABLE KEYS */;
INSERT INTO `transactions` (`transaction_type`, `user_id`, `supplier_id`, `customer_id`, `total_amount`, `id`, `created_at`, `updated_at`) VALUES ('sale','cdc53b22-ab53-4abc-b709-996343733e1d',NULL,'012aa7c6-1c35-41c9-be95-6b75d7294534',3827.32,'0359e66c-df51-47de-b2d2-a4fc6f66387d','2024-03-11 08:49:29','2025-03-11 12:05:57'),('purchase','1e60ce32-150e-48f4-bfac-cc5d3f1cf1e1','ee7cac65-f1b6-4b16-9f17-503b4e361af7',NULL,4302.10,'038a286b-dfda-44fb-bda7-8f9484eda675','2024-03-11 13:47:22','2025-03-11 12:05:57'),('sale','059b897e-d323-4461-91d4-3e075c5fcf99',NULL,'d7d9b3ec-bc56-4b3f-955a-357fabd70e34',5603.06,'05966f7e-84a6-44bd-8168-9e87020c748d','2024-03-11 10:32:58','2025-03-11 12:05:57'),('sale','88fb317b-4f94-40e7-b3e6-aaf7a59baddc',NULL,'a023fc1f-0756-42fa-95a3-77fc885d011b',3820.77,'069897eb-7a2b-427b-ab32-703a216fcd63','2024-03-11 14:44:37','2025-03-11 12:05:57'),('purchase','ea5a6738-cc14-4dce-9efb-1f51c687e431','12b3edc0-e202-45c9-abc2-1e990900f8ee',NULL,6185.91,'07573753-42f7-4d79-86a7-1e7cca4b8113','2024-03-11 09:28:21','2025-03-11 12:05:57'),('purchase','fbee4303-11e2-43fc-a6e3-203d9c080bba','c04af2ab-dcea-4909-b295-209fc730d78b',NULL,4876.50,'07a3e92f-e710-44b5-8c60-ac36efa3e6b4','2024-03-11 13:02:28','2025-03-11 12:05:57'),('purchase','55a8d521-a47c-4eee-bf19-5a7a707ab801','53eb8112-6ea5-4873-b96b-0813fc71b83b',NULL,5493.10,'091b19e7-b7c1-4754-b7eb-58340ef09507','2024-03-11 11:41:37','2025-03-11 12:05:57'),('sale','28601596-a04c-4de3-81fe-fa63e030d5c4',NULL,'a2a4f52c-04e5-4d36-ab9f-7ff85b030de8',4569.47,'0a07c944-a9ad-4c7b-97f8-00cb571a23e1','2024-03-11 09:00:28','2025-03-11 12:05:57'),('purchase','3fee6782-e6dc-4417-a698-d9d7466beb31','a1882950-25e8-4dfc-a43a-3b9d08fc14cb',NULL,6079.52,'158846fb-3b60-4139-9485-e545b9986886','2024-03-11 15:17:30','2025-03-11 12:05:57'),('sale','42f5d825-4766-4dea-a98b-f54816cd0897',NULL,'052fd126-890b-47d6-b3a3-9c48a94ea254',4136.33,'16d6bd09-7444-4fc4-902d-705727f11ded','2024-03-11 16:48:59','2025-03-11 12:05:57'),('sale','d35f678b-6737-4001-abe8-222486ebf3cf',NULL,'ce512c7a-ddac-48de-8331-2cbba5aeee11',4820.27,'19472a53-4cca-41f7-8231-28542a8fc136','2024-03-11 10:08:04','2025-03-11 12:05:57'),('sale','5e3a14e1-bb41-469c-8837-3a88fd066980',NULL,'2d27b1ea-1f61-453a-8adb-86eb4e2f5ac2',5365.72,'1a5b0c75-8986-450b-b25d-bd3c556c3f02','2024-03-11 10:21:34','2025-03-11 12:05:57'),('purchase','7424ea76-e0af-457c-9403-607600c1bf68','66608a4f-6f08-46e5-a4fc-5e930b6345b5',NULL,5567.71,'1a6bd80a-ef3c-414f-8608-6965c3d948e8','2024-03-11 09:21:57','2025-03-11 12:05:57'),('purchase','4f7354d8-31a2-4b83-8f98-09be700154f6','d9586c71-6320-4c69-bf99-e74fb62e81ef',NULL,5809.56,'1b4bd243-c16c-421f-9826-6e05b915a8b1','2024-03-11 14:20:42','2025-03-11 12:05:57'),('sale','ff6373a7-e794-403c-8050-5cf8eb4160ba',NULL,'80520722-0f96-4121-a5e7-8b3f996f187a',6044.70,'1f47f9ed-2f5e-48fb-802c-b831fee81300','2024-03-11 12:05:45','2025-03-11 12:05:57'),('purchase','f7c100e2-064e-432c-a46b-18917c0c4e24','1f592958-5bae-4de3-9209-30d129b50404',NULL,4239.76,'21bef141-92b5-4283-93a4-af2584b9ed07','2024-03-11 10:47:52','2025-03-11 12:05:57'),('sale','cb0e5ae7-5fab-4b55-b5b7-93a866dc2bf6',NULL,'5d0b0d9f-9687-45f5-bc42-59453e3eeecd',4577.09,'24132e15-e4ed-41b2-b388-a34cb9b3c4c5','2024-03-11 09:01:33','2025-03-11 12:05:57'),('purchase','b19d27a4-7b40-4497-bc00-f1de25a3fc4d','f08d0354-edbf-444e-9c8f-98670ae287f4',NULL,4263.99,'2ad25227-0023-4e97-9b80-f75fb53b4242','2024-03-11 14:03:42','2025-03-11 12:05:57'),('sale','72110492-5b68-4894-b568-9be28f06e863',NULL,'fb320d89-93c5-4e4f-b1db-8b4326aea206',4419.44,'2baa83d0-354f-4859-ae0e-d8485bc4c6c1','2024-03-11 16:11:52','2025-03-11 12:05:57'),('purchase','3f8a80ae-a41a-4466-a798-b5b202c2a5de','53eb8112-6ea5-4873-b96b-0813fc71b83b',NULL,4873.94,'2ea5779c-30ad-461f-b839-a6c815c250ea','2024-03-11 09:56:53','2025-03-11 12:05:57'),('sale','fba6bb26-e675-4368-b745-99a347b1e651',NULL,'f46d98d6-c755-4bfd-b41e-11916f065477',4840.07,'2fcee0df-d0cd-4c09-86b3-2444e468e0cd','2024-03-11 11:08:50','2025-03-11 12:05:57'),('sale','b4dedacc-65f6-4df8-92ba-7792b025d1e7',NULL,'8dfa7ccc-e0bf-4540-b963-4fc7b20f4840',5249.59,'305bcd08-681f-4d6a-be90-7012911941df','2024-03-11 16:39:18','2025-03-11 12:05:57'),('purchase','1704feb4-acf2-4a79-b9bf-23356e15d456','de9e46c4-56fd-424f-90e4-fedad5cbc986',NULL,5051.06,'30d87ab2-8464-45c2-aac8-948e8c30d5c8','2024-03-11 08:30:30','2025-03-11 12:05:57'),('sale','c3290c5e-f33d-4ac3-8418-83ec8e4f9a26',NULL,'bf26e099-69e7-4634-ae8f-cf108091c9c9',5438.17,'35043c77-14ca-4bb4-a0cc-2cec2e3b7e19','2024-03-11 10:25:21','2025-03-11 12:05:57'),('sale','17441146-8ee2-43f1-916f-dc065ca13da6',NULL,'5ddf4f44-0eb1-456e-ae0f-21307cc1ae2a',5190.12,'35a93d5d-0852-4b5c-a161-33aeceae8488','2024-03-11 13:58:26','2025-03-11 12:05:57'),('purchase','8d6ee3d6-0504-47f6-bf54-61fda76f54e5','c04af2ab-dcea-4909-b295-209fc730d78b',NULL,4556.70,'4014fa57-25eb-4d3c-bde0-7cb2a09a2d2a','2024-03-11 17:21:00','2025-03-11 12:05:57'),('purchase','b4882ea6-a3eb-4fed-a2bd-8e7c78cecbc1','108a902a-b5e5-480b-9330-7c2758efdd0d',NULL,5338.77,'42ec0d4c-6a62-4a48-a9de-2302a7b5da58','2024-03-11 08:59:15','2025-03-11 12:05:57'),('purchase','78e6aaa9-62f9-43c4-93a9-40be8b277266','4d87c2de-9fdf-4c5d-b416-0243831398fb',NULL,5829.93,'450941ab-53c6-47a1-b18d-3774c914ab06','2024-03-11 16:18:55','2025-03-11 12:05:57'),('sale','0f78eb6f-0a7c-412f-a113-177851a3a249',NULL,'bed6909e-048a-4bf9-ad6e-0334ec884511',4962.50,'4e1e3a9f-2439-4e78-8204-3b78ed0354d4','2024-03-11 14:16:11','2025-03-11 12:05:57'),('purchase','6e0dd19b-6c72-4476-9292-8d92f8d81709','a08133a2-662c-4b50-811b-0679c0aa3332',NULL,6092.34,'4ed02aed-59e1-4822-a720-b5c7646b60c2','2024-03-11 14:26:28','2025-03-11 12:05:57'),('purchase','20aeb5f4-80e3-4832-b261-e8bfd2934175','9896a869-1f90-48ff-8236-5a062c8f5128',NULL,5783.88,'4f75b921-0419-4660-b19a-e3e8e66a14dd','2024-03-11 08:52:58','2025-03-11 12:05:57'),('sale','365ad6c7-0df9-40c3-9000-c52eddfc14df',NULL,'43ca7667-97b8-490f-89eb-257dc961106e',5724.17,'4fe9e614-2be3-4a20-8ca9-6b0b27fb51a0','2024-03-11 12:23:03','2025-03-11 12:05:57'),('purchase','1d6c7098-2986-49cf-a3fa-49ac32a4aeea','13f08e39-a573-4829-b982-aadc9cdc523d',NULL,5276.70,'51670bd3-7cb6-460f-9797-41b09168bac4','2024-03-11 10:54:52','2025-03-11 12:05:57'),('purchase','935178fc-6120-41ea-80a3-c6fe8071c832','d9d02b85-3319-4209-8145-a0073e1ebef6',NULL,5309.91,'545036d0-152a-4b64-8635-38049daa8030','2024-03-11 15:21:10','2025-03-11 12:05:57'),('purchase','0c20db03-5365-4feb-8218-508d66802d37','b02da231-29a8-430d-ac76-e4035283c80c',NULL,5398.11,'5885e97e-11c8-4a92-8a58-515f1067fd0d','2024-03-11 08:39:34','2025-03-11 12:05:57'),('purchase','d3b36f06-8cb2-455f-b460-03ee4f5abf98','056a8d0c-5a6a-4638-9f6c-10c2ac6f2214',NULL,4079.05,'5cba91ae-6713-4ee8-bdb9-2fcac9da33eb','2024-03-11 11:00:42','2025-03-11 12:05:57'),('sale','324256ed-8392-4d96-99fc-ab22a09741c9',NULL,'b0ef533b-c60f-47d7-99aa-51a165152f80',4152.87,'5f01bdfc-7e2c-420a-8d51-9bc8a89cb668','2024-03-11 16:59:14','2025-03-11 12:05:57'),('sale','4bff8659-9304-4e8b-a78c-989692b2e4d6',NULL,'ce4576cf-41d2-4982-af53-90e0e34d93d6',5334.19,'64cb1396-20bb-4c53-a830-4fe964d19dd8','2024-03-11 09:47:24','2025-03-11 12:05:57'),('sale','2fe2586f-f3cf-4e78-9a42-fc30cc1d3c1a',NULL,'d4d1083a-c9bc-4101-94bc-e162e1144dfa',4888.31,'66227a3c-4c27-47a8-b807-f2d50ed73e55','2024-03-11 15:44:28','2025-03-11 12:05:57'),('sale','c47a048d-2626-4bc9-819c-3e5bbf11d66b',NULL,'dcc09dc4-7a1d-46e7-9e0c-01eb2d2b05a1',4520.18,'66df910f-851b-457d-93dd-afaa0febf76a','2024-03-11 08:24:58','2025-03-11 12:05:57'),('purchase','6d6fa999-2725-4550-89e0-652b46c43c38','66cb4da3-04db-4241-8037-128de2d2e764',NULL,4687.00,'7280dd39-9b65-4a60-8615-f315bb8ec9e4','2024-03-11 13:10:53','2025-03-11 12:05:57'),('sale','5b1bdcdf-c779-46da-a357-36c3019e74a2',NULL,'90053e13-393d-4c60-9cf9-d15bdd8bc55d',5019.84,'75757a37-7d61-4e06-b9df-fb82a7147d26','2024-03-11 08:46:57','2025-03-11 12:05:57'),('sale','28450dc1-8876-458c-980f-efb529a21847',NULL,'c0fb6e99-fb31-4dd2-803d-d1ecd1b347d4',4953.49,'763f30b0-5cec-4a50-8a19-dcf91431fe6e','2024-03-11 17:34:00','2025-03-11 12:05:57'),('purchase','37d523f8-1ae0-4c92-857d-9396c2095416','9896a869-1f90-48ff-8236-5a062c8f5128',NULL,5142.13,'7f459fee-e7b5-4d0f-9259-184683f165cc','2024-03-11 12:50:15','2025-03-11 12:05:57'),('purchase','be43a56e-5d3a-477e-8ee1-4ea119785026','71b91a59-1786-491e-a825-088bf263aeb7',NULL,4723.08,'7fe062d3-8392-4dc8-81d6-5cd198c33755','2024-03-11 13:26:24','2025-03-11 12:05:57'),('sale','d096a8b2-9f51-4ad9-91a4-afbf2ae67f0e',NULL,'1e118b72-bdd9-4982-b37b-db1cfeae5197',6166.91,'80b36f45-bb91-47a1-a0c5-e20b4835267a','2024-03-11 14:58:24','2025-03-11 12:05:57'),('sale','6dc21f78-f067-4729-b5c8-9ff5565a7a5d',NULL,'417861e1-ece5-487c-9266-0de24693a9a3',5687.75,'83143cdf-520d-4fb2-bfed-67ac1ce10dc1','2024-03-11 12:25:10','2025-03-11 12:05:57'),('purchase','0252d909-8fbf-417d-ae2c-0e42cd8b59b1','9896a869-1f90-48ff-8236-5a062c8f5128',NULL,6249.03,'842071d7-7713-4111-9495-ee97f3c8192b','2024-03-11 11:24:28','2025-03-11 12:05:58'),('purchase','befe2406-ca37-43f9-b447-75e5c9c2ccab','525b67c0-1c52-4d35-9560-cc8dd84bb909',NULL,3931.04,'849a8659-68b1-4718-8879-47beffb91379','2024-03-11 13:54:46','2025-03-11 12:05:58'),('sale','a14a8610-4b38-428d-8a30-a0fd8c806c35',NULL,'56dc5163-e3d0-43ba-ad35-0bdefe71b908',5618.13,'8505c3f9-afea-4e69-b17e-049276446f4f','2024-03-11 09:55:10','2025-03-11 12:05:58'),('purchase','6a9eb197-416f-42de-98ff-5f3151815116','0afd8150-8a43-467e-8af1-c8b0adeeb8d5',NULL,5404.63,'857e74c8-2247-4c21-abe0-236dc32f1dbe','2024-03-11 16:50:15','2025-03-11 12:05:58'),('sale','f7dfd347-0bb6-43e5-9588-3ce83c1c7fed',NULL,'00d2fb0b-70ba-4073-87be-e4391599af9f',6077.21,'86eec31a-6f1b-4df4-ac6b-dc6b2c786aec','2024-03-11 15:52:31','2025-03-11 12:05:58'),('purchase','c3755f34-715d-48eb-93a1-c01727ef5bbe','59a604ed-cf56-41a2-a630-e9b886534b57',NULL,4848.65,'88d9b035-ae46-45e1-8f94-1cef2d60c996','2024-03-11 11:51:03','2025-03-11 12:05:58'),('purchase','ab710bea-3515-4ee9-a732-a250c64ddf92','a1e90e88-2cdf-4583-a2a6-b09f35083b3f',NULL,5058.45,'89027b90-a2a1-49df-b048-a4384b9a7040','2024-03-11 11:14:33','2025-03-11 12:05:58'),('sale','ac2eab63-940e-4be5-a910-2468e5563ede',NULL,'dacccf09-5817-4144-9e09-6aa390a41fa7',5304.42,'8a4a7d45-ba24-4cf0-a84e-6c8a7596525c','2024-03-11 13:33:57','2025-03-11 12:05:58'),('sale','603554f1-ce8c-45dc-b084-a948e15e4769',NULL,'3b0f0625-97f1-4873-848b-8508b302fcb5',5548.82,'8cb8a156-ece2-4787-902b-679d014b853a','2024-03-11 11:31:45','2025-03-11 12:05:58'),('sale','a67ae9e0-92ec-482a-b8e4-66d1bdb7f5ab',NULL,'16771859-8d32-4a73-94f5-ba2063a10aaa',3880.67,'8eb65fba-9898-4161-b839-c74daffc8d29','2024-03-11 09:17:56','2025-03-11 12:05:58'),('purchase','97683c44-a332-4c2d-ad0b-c814860b956b','12b3edc0-e202-45c9-abc2-1e990900f8ee',NULL,6065.35,'8ed6fcc1-abac-467f-903d-7df2db93b2c4','2024-03-11 15:29:20','2025-03-11 12:05:58'),('sale','9e7f4264-4cf4-4737-b524-f0163b4b1408',NULL,'0700ad42-f751-436a-a0d9-9b4558be3b93',4026.15,'91d6a127-391f-4f4d-922c-768072feec14','2024-03-11 13:06:16','2025-03-11 12:05:58'),('purchase','89519d80-a4f5-4c38-a057-a96352c7d4de','5356a5f8-86e0-4e72-ac38-e8b8bc7216a2',NULL,4835.00,'934e49da-3c44-4647-af2e-4d9cf0ba5632','2024-03-11 15:15:40','2025-03-11 12:05:58'),('purchase','b52dd8b3-cbda-4b2d-8711-40b84c73b472','d7d7dd31-30d7-401a-b41c-e6208672e838',NULL,5313.91,'9419648d-4fb1-4823-b977-949ec1cf2fc1','2024-03-11 15:59:30','2025-03-11 12:05:58'),('sale','0f545555-6aac-42d4-9212-9d2b51030d31',NULL,'8318a97a-81cf-4067-89f9-6ddd63c174ad',4618.44,'94b306a8-ed76-4589-bed5-5c4c8caca5bd','2024-03-11 12:02:01','2025-03-11 12:05:58'),('sale','7029449e-5481-4d48-8c57-7c3eb74a00a7',NULL,'aae71950-525b-4295-a8bb-c31730d1f675',5715.38,'96278b13-09e0-47c5-99f6-b437aa3d82ef','2024-03-11 09:38:59','2025-03-11 12:05:58'),('sale','abe9972b-a35d-4dcf-96cd-1975776ee402',NULL,'ee888511-bb61-4998-a9c2-f72f8b40ff29',3876.18,'9a2ff2b6-c4eb-4169-90a0-b72632dfd964','2024-03-11 16:31:38','2025-03-11 12:05:58'),('purchase','96e40a9f-ffda-4400-b56c-e84aa61ac964','a1e90e88-2cdf-4583-a2a6-b09f35083b3f',NULL,4071.55,'a6994df1-ccc0-480d-b4f1-9bf6442ad348','2024-03-11 10:38:41','2025-03-11 12:05:58'),('sale','e1dfd362-ff62-4dd1-b345-929644bed681',NULL,'27acceb0-910c-4d37-8f55-d502045b2df7',5281.91,'a85618da-c554-48ad-b7cf-13754c196582','2024-03-11 14:23:50','2025-03-11 12:05:58'),('sale','e8414d5c-c8cb-4a83-a0c7-6b2fdc7992d6',NULL,'4d6b9824-2ece-42d2-92bb-9abcff91e510',5449.20,'aac8fb91-6d31-448d-a125-3128226f2df5','2024-03-11 16:30:30','2025-03-11 12:05:58'),('purchase','4b174894-a661-483e-a1ca-e57fbe362fc3','056a8d0c-5a6a-4638-9f6c-10c2ac6f2214',NULL,3812.19,'aafae44b-3d5a-42eb-a8ed-c85521a7c072','2024-03-11 16:05:34','2025-03-11 12:05:58'),('sale','25c6d0c5-c7ac-41e1-b7f2-b39e52243a10',NULL,'037453ac-9cea-426b-b483-98747e65756c',3805.32,'ab5e80de-f2d0-4cbd-a9e8-c6e0e6116503','2024-03-11 14:47:30','2025-03-11 12:05:58'),('purchase','442fb842-7f03-4932-8b57-1f44b2608d68','f08d0354-edbf-444e-9c8f-98670ae287f4',NULL,4876.98,'ac4b7b38-09a1-4036-a260-3a7d28edfc75','2024-03-11 14:48:58','2025-03-11 12:05:58'),('sale','4db9bb5b-8787-4843-bdd6-d469fb45e9db',NULL,'a5af64a1-9653-4c86-85a8-795d3e2bde8b',5877.39,'ad93a74f-00be-4dec-89a2-3cf1129e31c6','2024-03-11 17:18:54','2025-03-11 12:05:58'),('purchase','b8c951b0-28fd-4357-9706-ece14e7d9991','d7d7dd31-30d7-401a-b41c-e6208672e838',NULL,4802.95,'b277ed10-617e-4396-80e3-0a61c28f4f5c','2024-03-11 14:07:02','2025-03-11 12:05:58'),('purchase','d71ca1e1-dfde-4537-9c5b-cc852103c6fa','12b3edc0-e202-45c9-abc2-1e990900f8ee',NULL,6073.65,'b606efc6-58b0-4722-a141-026338f53294','2024-03-11 14:30:24','2025-03-11 12:05:58'),('purchase','26b5ca5c-7ab5-4244-8394-06254323e880','bc4bacd6-659c-4c8d-bd9d-bad2fbf365f8',NULL,4962.64,'b69db9c6-1fc6-49fc-9ccc-fb871ec76269','2024-03-11 14:38:42','2025-03-11 12:05:58'),('purchase','f47267f1-8902-462d-ae19-ff8630d515f2','d3cb7f29-909b-42bf-bcfd-5351e45d7a9e',NULL,5416.65,'b9988e58-53bc-4ed1-bcf8-87447ad44019','2024-03-11 16:53:34','2025-03-11 12:05:58'),('purchase','98aa5979-70f8-480a-948e-d8f8f61102c1','0265694f-b86c-406e-ad49-031b6965123c',NULL,6010.30,'bcce256d-3f35-496c-8756-81991d8397de','2024-03-11 09:31:34','2025-03-11 12:05:58'),('purchase','c008c983-a73d-4dc5-9b91-c6324af2fd77','936cdbfa-7cb8-40cc-9ed0-cd935d7d595a',NULL,4273.97,'bd11a68f-01ce-4606-ad1e-374aa66d5ba3','2024-03-11 09:11:29','2025-03-11 12:05:58'),('sale','10719664-6de6-4a8a-a675-2623bea6e811',NULL,'6bf00b81-0c81-4bd9-b5d7-262258e70c88',3990.02,'bf157673-e021-403e-bc38-ad7615b9dde8','2024-03-11 12:42:48','2025-03-11 12:05:58'),('purchase','d311fb89-1e2c-4cf2-94e0-0158c7145957','f2aff6d7-80db-4f18-a338-d2b2e1f42c5a',NULL,4731.95,'c3898a66-443a-472a-9cb4-09ad04011a6a','2024-03-11 10:02:59','2025-03-11 12:05:58'),('sale','d11c9e3a-a57b-4e51-ae34-ff79157e93e3',NULL,'4e71694c-1ded-4582-8db4-f10427b57d7b',4138.21,'c8256290-9090-465a-92f7-cf8aa6805273','2024-03-11 17:29:58','2025-03-11 12:05:58'),('sale','5dd016f8-7f66-4382-b658-b9c7d71188b9',NULL,'61098f02-287b-417b-a86a-67746d3cc996',4641.28,'c91e8f05-37a5-4e89-9e7e-8808f31c18a3','2024-03-11 15:07:19','2025-03-11 12:05:58'),('purchase','a22ac9b2-fa43-4836-ab7d-9ae39b5d5130','8ad37107-c9cf-468c-935d-f50401033c78',NULL,6189.62,'ce653e3c-9679-44f0-924f-5349e7d3b1ac','2024-03-11 16:27:00','2025-03-11 12:05:58'),('purchase','b5f9db61-97ef-4ea5-bc0c-02527a13d026','7222ab25-bbef-49ba-ae16-59ceeabd69d9',NULL,5294.15,'cf068349-51e1-4b9e-b36f-fa42729d6281','2024-03-11 10:31:23','2025-03-11 12:05:58'),('purchase','16638f21-71ea-4bb0-97dc-1b4e957a0d86','ba634010-afbf-4d35-acfa-e70c16c9bed8',NULL,4745.10,'d23aff32-79e5-4579-aea2-8973af645530','2024-03-11 08:34:44','2025-03-11 12:05:58'),('sale','c9041606-beef-4892-a496-2dc150a2224b',NULL,'bea1f27f-eb31-47ef-8192-98bf07b6d907',5388.19,'d3d36a73-cd0e-4a71-bba0-4e3bf012f19f','2024-03-11 13:00:12','2025-03-11 12:05:58'),('sale','5deaed93-fa34-4557-914d-ac81d1635a16',NULL,'f5329512-1153-4f9b-8d49-e920f57c9082',5245.07,'d4fa97f6-956f-4476-8c63-8e1f3687359e','2024-03-11 11:53:33','2025-03-11 12:05:58'),('purchase','8578b276-a0c6-4552-a795-058fd847c303','78f8fa63-f1a8-4a67-ab61-12afb7347931',NULL,5064.12,'d89b2e32-d12c-40ab-a930-57f13a0af629','2024-03-11 13:40:17','2025-03-11 12:05:58'),('sale','c9c4470d-54b0-4e5e-b1b0-1be7856dd4a3',NULL,'75e607a4-99de-4fb5-aa84-51d3527474c4',5204.36,'dc50c62f-bb3a-4aad-b523-dec3a829b2e0','2024-03-11 10:14:26','2025-03-11 12:05:58'),('sale','52c3269b-6907-49fe-b46c-082797f96e0d',NULL,'211c0b98-7e6b-44bb-b513-c423dfbe08c3',5397.85,'de80c1ca-2806-44a0-9fd4-2dd9839c329f','2024-03-11 17:32:14','2025-03-11 12:05:58'),('purchase','2a5e0a1b-050e-409a-af52-7829e1599893','aaa0b788-d3b9-46d5-90b8-804768cd1a5d',NULL,4473.33,'e1b1374c-7f9e-404a-b78c-f437f3f956c2','2024-03-11 16:28:28','2025-03-11 12:05:58'),('sale','8a9df0c1-de2c-4b1f-9153-dabe89b3f132',NULL,'554f8f29-1b6f-4d61-a784-1ddbe80b0f36',6221.57,'e33f8600-1763-4b6e-b1f1-852cdccdce3e','2024-03-11 15:24:37','2025-03-11 12:05:58'),('purchase','cd79e41b-df01-447a-9354-a26e128f360d','66cb4da3-04db-4241-8037-128de2d2e764',NULL,6203.08,'e379255a-7ce7-409b-a987-f0c936bb770d','2024-03-11 15:48:32','2025-03-11 12:05:58'),('sale','f2b9277b-638c-4252-b240-72a2882b6e92',NULL,'46a09bd4-9f1d-4d4e-b3c3-2c2ae8ee1d6f',5501.64,'e3b03bf5-4744-45a6-8eb5-7214f6051726','2024-03-11 13:19:37','2025-03-11 12:05:58'),('sale','61c7bdb4-8056-4578-a5dd-b848340db52e',NULL,'9c15d6c5-373c-45c3-b1cd-a3fd525749f4',4111.07,'e66bd0ab-6dfd-41e9-afec-ab52b8c5a9b4','2024-03-11 12:14:43','2025-03-11 12:05:58'),('purchase','d8e6ef8d-65bc-41a9-a209-7d1d694a55b0','b2188f98-6ed7-4b2f-91c1-f11c1fdbf9a5',NULL,3819.37,'ea4c6ae3-e952-4ef1-8065-e8d4f257f800','2024-03-11 17:09:08','2025-03-11 12:05:58'),('purchase','94a4a6b2-0e74-4f80-8558-34e9d8b404e4','28126efa-1e4f-4cab-8555-506b0bd8e439',NULL,4297.56,'eeda0f5a-7d70-4f79-a590-1c30be3c7a76','2024-03-11 15:38:50','2025-03-11 12:05:58'),('sale','ac20ce08-54db-4f53-b70f-25bd7f800389',NULL,'fd32d6ec-eabb-403f-bdf5-e857567e5ac4',5197.74,'f1fce7e8-a6d7-490f-8f69-506cd5064b42','2024-03-11 14:28:32','2025-03-11 12:05:58'),('sale','a443cef7-9563-45f6-a872-78451649d9bc',NULL,'8ecb6d42-9a3f-4862-8237-a6f98aa93823',4787.17,'f2838d06-62b0-4f6c-8659-08fea5d8f5b8','2024-03-11 11:20:22','2025-03-11 12:05:58'),('purchase','49accf5d-211b-488f-a3bf-1890910d8a60','bfc78270-42b6-4b20-9d98-45e43f8a2eb6',NULL,5841.87,'f9908c5f-3aa4-415f-bc6d-97b13f379714','2024-03-11 12:35:09','2025-03-11 12:05:58');
/*!40000 ALTER TABLE `transactions` ENABLE KEYS */;
UNLOCK TABLES;

--
-- Dumping data for table `users`
--

LOCK TABLES `users` WRITE;
/*!40000 ALTER TABLE `users` DISABLE KEYS */;
INSERT INTO `users` (`first_name`, `last_name`, `username`, `email`, `password`, `role`, `is_active`, `id`, `created_at`, `updated_at`) VALUES ('Rolfe','Mallinson','rmallinson56366','rolfe.mallinson@hotmail.com','I!8uO!h&K!!$pg5%','ADMIN',1,'0252d909-8fbf-417d-ae2c-0e42cd8b59b1','2024-03-11 08:39:54','2024-03-18 03:03:09'),('Teresa','Elliman','telliman17985','teresa.elliman@hotmail.it','53!E**OKwXcm***!','STAFF',0,'059b897e-d323-4461-91d4-3e075c5fcf99','2024-03-11 09:47:12','2024-03-14 07:14:34'),('Neal','Garrity','ngarrity20749','neal.garrity@yahoo.com','!$$&%9P**','ADMIN',0,'0c20db03-5365-4feb-8218-508d66802d37','2024-03-11 08:43:18','2024-03-11 19:04:06'),('Evelyn','Craigg','ecraigg23670','evelyn.craigg@gmail.com','e*!!*%2&38%6f69','STAFF',1,'0f545555-6aac-42d4-9212-9d2b51030d31','2024-03-11 11:57:59','2024-03-13 11:57:24'),('Kelby','Feldfisher','kfeldfisher1767','kelby.feldfisher@yahoo.com','*#q1#*7GXxW*','STAFF',0,'0f78eb6f-0a7c-412f-a113-177851a3a249','2024-03-11 08:44:38','2024-03-12 00:33:15'),('Myrle','Perrins','mperrins28398','myrle.perrins@yahoo.com','F!m*khM$W*9$7x%$','ADMIN',1,'10719664-6de6-4a8a-a675-2623bea6e811','2024-03-11 16:38:41','2024-03-14 23:10:53'),('Merrile','Elwill','melwill15594','merrile.elwill@yandex.ru','8#E!%**J$*L*!','SUPERUSER',1,'16638f21-71ea-4bb0-97dc-1b4e957a0d86','2024-03-11 08:53:33','2024-03-17 11:56:57'),('Mahala','Attwoull','mattwoull20451','mahala.attwoull@rambler.ru','!5$$W!z$pL*#9&*p','STAFF',1,'1704feb4-acf2-4a79-b9bf-23356e15d456','2024-03-11 10:06:34','2024-03-17 21:15:30'),('Wendell','Sandlin','wsandlin57591','wendell.sandlin@hotmail.com','i8%$!!tfc&t','ADMIN',0,'17441146-8ee2-43f1-916f-dc065ca13da6','2024-03-11 11:19:20','2024-03-17 08:56:53'),('Kofi','Manu','km','km@mail.com','scrypt:32768:8:1$YDUmRaJCCTPbP2ND$8a4fc427deb850c5cd48aa22e3d1c32971636c0f416a3edbb9affd8447d06dff093d2bee433686980aa8fd25987c6fc9a9be7c234831a4989b74ac5103a1e0c9','SUPERUSER',0,'1aba9260-5b4d-485f-a4ff-00fdd65a5b39','2025-03-15 10:18:12','2025-03-15 10:21:04'),('Leona','Megarrell','lmegarrell37608','leona.megarrell@hotmail.com','F*9*4!Q!7&1#*','STAFF',0,'1d6c7098-2986-49cf-a3fa-49ac32a4aeea','2024-03-11 16:44:14','2024-03-19 04:55:43'),('Loutitia','Maber','lmaber33418','loutitia.maber@gmail.com','4&1!*!t!6y','SUPERUSER',1,'1e60ce32-150e-48f4-bfac-cc5d3f1cf1e1','2024-03-11 12:28:41','2024-03-16 17:55:19'),('Maria','Thonger','mthonger35523','maria.thonger@yahoo.com','F!%!7#4*o!**!w#$','SUPERUSER',0,'20945c94-e494-407a-8863-99c5cdecedba','2024-03-11 15:25:12','2024-03-12 22:55:32'),('Sigfried','Ritter','sritter11299','sigfried.ritter@gmail.com','#%*1Ix!!ua3L*#','ADMIN',1,'20aeb5f4-80e3-4832-b261-e8bfd2934175','2024-03-11 16:59:56','2024-03-12 17:15:38'),('Nikos','Guiu','nguiu5226','nikos.guiu@yahoo.com','*oJ6w*&21p$3!!R*','ADMIN',0,'25c6d0c5-c7ac-41e1-b7f2-b39e52243a10','2024-03-11 16:15:31','2024-03-15 17:20:54'),('Moshe','Ledson','mledson20917','moshe.ledson@gmail.com','87*3**%*00*V','ADMIN',1,'26b5ca5c-7ab5-4244-8394-06254323e880','2024-03-11 12:37:53','2024-03-13 13:10:07'),('Belia','MacPike','bmacpike4887','belia.macpike@yahoo.com','QY!ZgS*lSd#8h*','ADMIN',1,'28450dc1-8876-458c-980f-efb529a21847','2024-03-11 16:40:57','2024-03-19 10:34:56'),('Gil','Kirkpatrick','gkirkpatrick39570','gil.kirkpatrick@gmail.com','3yPtLF*&#','SUPERUSER',1,'28601596-a04c-4de3-81fe-fa63e030d5c4','2024-03-11 14:57:36','2024-03-16 14:04:17'),('Aaren','Chinnery','achinnery42222','aaren.chinnery@yahoo.com','v$0!$!!Rcz!!*','STAFF',1,'2a5e0a1b-050e-409a-af52-7829e1599893','2024-03-11 15:30:19','2024-03-18 04:42:18'),('Tuckie','Guerro','tguerro21428','tuckie.guerro@aol.com','#*$$&!$mp7**!rQ*','SUPERUSER',0,'2fe2586f-f3cf-4e78-9a42-fc30cc1d3c1a','2024-03-11 16:51:43','2024-03-16 15:29:19'),('Rori','Terrill','rterrill59585','rori.terrill@yahoo.com','$%$%804K$','STAFF',1,'324256ed-8392-4d96-99fc-ab22a09741c9','2024-03-11 10:26:32','2024-03-14 18:06:14'),('Hurley','Footitt','hfootitt35392','hurley.footitt@yahoo.com','*9#R*YK***','SUPERUSER',0,'365ad6c7-0df9-40c3-9000-c52eddfc14df','2024-03-11 14:17:23','2024-03-17 16:24:03'),('Lorain','Mobbs','lmobbs14082','lorain.mobbs@hotmail.com','J65*&79$4%','SUPERUSER',0,'37d523f8-1ae0-4c92-857d-9396c2095416','2024-03-11 16:08:50','2024-03-16 06:54:49'),('Wake','Beldam','wbeldam6346','wake.beldam@yahoo.com','*!LbQN129d0*','SUPERUSER',1,'3f8a80ae-a41a-4466-a798-b5b202c2a5de','2024-03-11 10:03:53','2024-03-20 23:58:57'),('Celina','Cissell','ccissell4645','celina.cissell@yahoo.com','e!1!$*yR!7','SUPERUSER',0,'3fee6782-e6dc-4417-a698-d9d7466beb31','2024-03-11 16:20:53','2024-03-12 19:03:46'),('Codie','Gerran','cgerran38256','codie.gerran@yahoo.com','9*a2!o&3p%***Ig','SUPERUSER',1,'42f5d825-4766-4dea-a98b-f54816cd0897','2024-03-11 13:24:32','2024-03-20 17:24:58'),('Libbey','Manske','lmanske51618','libbey.manske@yahoo.com','75$*H#U2%s34*y!*','ADMIN',0,'442fb842-7f03-4932-8b57-1f44b2608d68','2024-03-11 15:16:47','2024-03-14 09:16:58'),('Alyson','Wickliffe','awickliffe52688','alyson.wickliffe@yahoo.com','38f!*1*N1*j36','STAFF',0,'49accf5d-211b-488f-a3bf-1890910d8a60','2024-03-11 10:22:56','2024-03-14 04:35:02'),('Wilhelmine','Pulley','wpulley55821','wilhelmine.pulley@hotmail.com','P!*7!e!**72!!','ADMIN',0,'4b174894-a661-483e-a1ca-e57fbe362fc3','2024-03-11 15:39:44','2024-03-14 00:54:55'),('Walker','Gooble','wgooble30303','walker.gooble@tiscali.co.uk','!!@H*$Z!$0r#*&*','SUPERUSER',0,'4bff8659-9304-4e8b-a78c-989692b2e4d6','2024-03-11 10:24:27','2024-03-15 02:34:00'),('Michaela','Guilloux','mguilloux42366','michaela.guilloux@yahoo.com','1x*$@!!#!28VNd!N','ADMIN',0,'4db9bb5b-8787-4843-bdd6-d469fb45e9db','2024-03-11 13:37:02','2024-03-19 00:47:52'),('Rowan','Rubica','rrubica58997','rowan.rubica@yahoo.com','$&ty&Z4*!1!f','SUPERUSER',1,'4f7354d8-31a2-4b83-8f98-09be700154f6','2024-03-11 13:55:03','2024-03-13 07:25:33'),('Ellary','Bonny','ebonny677','ellary.bonny@gmx.de','2*!90**!dc71','ADMIN',0,'52c3269b-6907-49fe-b46c-082797f96e0d','2024-03-11 11:00:51','2024-03-15 19:09:20'),('Corella','Piner','cpiner38875','corella.piner@hotmail.com','D!w!nF***%f%*','ADMIN',1,'55a8d521-a47c-4eee-bf19-5a7a707ab801','2024-03-11 12:55:24','2024-03-13 07:31:44'),('Gerianne','Deex','gdeex54889','gerianne.deex@aol.com','&!!*$vb$WN!m','ADMIN',0,'5b1bdcdf-c779-46da-a357-36c3019e74a2','2024-03-11 09:07:11','2024-03-14 03:27:23'),('Lucky','Navarro','lnavarro35614','lucky.navarro@gmail.com','!*1&*5v%E9C','ADMIN',1,'5dd016f8-7f66-4382-b658-b9c7d71188b9','2024-03-11 12:21:11','2024-03-16 00:30:27'),('Robby','Harmes','rharmes53132','robby.harmes@rediffmail.com','*!t3n*q*CC3$B','ADMIN',1,'5deaed93-fa34-4557-914d-ac81d1635a16','2024-03-11 11:23:50','2024-03-14 13:50:36'),('Junette','Callf','jcallf19709','junette.callf@hotmail.com','ow*KQ*8*%N','SUPERUSER',1,'5e3a14e1-bb41-469c-8837-3a88fd066980','2024-03-11 12:01:31','2024-03-20 19:32:38'),('Devina','Drayson','ddrayson28138','devina.drayson@gmail.com','#8!#r*#!h2','ADMIN',1,'603554f1-ce8c-45dc-b084-a948e15e4769','2024-03-11 13:32:24','2024-03-15 09:13:30'),('Nickolaus','Iacovides','niacovides44859','nickolaus.iacovides@yahoo.com','*!l!%*r!Mu!O&','ADMIN',0,'61c7bdb4-8056-4578-a5dd-b848340db52e','2024-03-11 12:14:47','2024-03-15 10:50:55'),('Johny','Dolman','jdolman58400','johny.dolman@live.fr','yyCFM!!%!%!w&$','STAFF',1,'6a9eb197-416f-42de-98ff-5f3151815116','2024-03-11 16:27:08','2024-03-17 05:35:43'),('Sonnie','Leidecker','sleidecker30083','sonnie.leidecker@gmail.com','$eno*t!%!**!X74','SUPERUSER',1,'6d6fa999-2725-4550-89e0-652b46c43c38','2024-03-11 09:37:48','2024-03-16 22:28:04'),('Margarete','Puddifer','mpuddifer37714','margarete.puddifer@hotmail.com','14T2xJ!!**','ADMIN',1,'6dc21f78-f067-4729-b5c8-9ff5565a7a5d','2024-03-11 11:37:18','2024-03-13 22:04:02'),('Tobin','McGonagle','tmcgonagle32805','tobin.mcgonagle@gmail.com','UL&35$l!!s7&&ot','SUPERUSER',0,'6e0dd19b-6c72-4476-9292-8d92f8d81709','2024-03-11 15:07:15','2024-03-18 18:27:12'),('Myrvyn','Marquis','mmarquis43974','myrvyn.marquis@hotmail.com','*4C!KGB$4!&CR','ADMIN',1,'7029449e-5481-4d48-8c57-7c3eb74a00a7','2024-03-11 09:16:13','2024-03-17 06:37:17'),('Toddy','Elden','telden41497','toddy.elden@yahoo.com','s!8$%*j!erwu','SUPERUSER',1,'72110492-5b68-4894-b568-9be28f06e863','2024-03-11 14:08:13','2024-03-19 03:55:34'),('Trudie','Sidnall','tsidnall2231','trudie.sidnall@gmail.com','*6****&Q!l','ADMIN',1,'7424ea76-e0af-457c-9403-607600c1bf68','2024-03-11 09:33:15','2024-03-20 01:01:19'),('Bettina','Jones','bjones33160','bettina.jones@hotmail.com','&***%!r!','ADMIN',1,'78e6aaa9-62f9-43c4-93a9-40be8b277266','2024-03-11 08:30:12','2024-03-13 15:07:50'),('Flora','Leber','fleber18199','flora.leber@gmail.com','A*9l*e!x6@**j','ADMIN',1,'8578b276-a0c6-4552-a795-058fd847c303','2024-03-11 14:39:20','2024-03-19 06:33:21'),('Peri','Burgisi','pburgisi64848','peri.burgisi@gmail.com','8DJ&i8o1','ADMIN',1,'88fb317b-4f94-40e7-b3e6-aaf7a59baddc','2024-03-11 14:41:16','2024-03-17 06:33:54'),('Boy','Dumberell','bdumberell49055','boy.dumberell@gmail.com','A*7$p*s275!J*j$F','STAFF',0,'89519d80-a4f5-4c38-a057-a96352c7d4de','2024-03-11 10:32:46','2024-03-11 15:59:16'),('Willy','O\'Kynsillaghe','wo\'kynsillaghe12050','willy.okynsillaghe@wanadoo.fr','bT*Q&**5d5A*!','ADMIN',0,'8a9df0c1-de2c-4b1f-9153-dabe89b3f132','2024-03-11 14:27:01','2024-03-16 05:12:22'),('Lise','Jertz','ljertz8607','lise.jertz@hotmail.com','f!wR%!4rVBV!$#','SUPERUSER',1,'8d6ee3d6-0504-47f6-bf54-61fda76f54e5','2024-03-11 12:23:30','2024-03-12 16:28:36'),('Esma','Schachter','eschachter15130','esma.schachter@yahoo.com','$vc&$!D%5*#V!b%!','STAFF',0,'935178fc-6120-41ea-80a3-c6fe8071c832','2024-03-11 12:13:16','2024-03-19 06:56:23'),('Kendra','Gossan','kgossan38342','kendra.gossan@hotmail.co.uk','***&XS*8!*!*','STAFF',0,'94a4a6b2-0e74-4f80-8558-34e9d8b404e4','2024-03-11 14:03:57','2024-03-12 21:37:18'),('Wildon','Florez','wflorez912','wildon.florez@yahoo.com','!9*!&o%*KAp','SUPERUSER',0,'96e40a9f-ffda-4400-b56c-e84aa61ac964','2024-03-11 10:52:17','2024-03-19 03:26:01'),('Gaby','Aldam','galdam4311','gaby.aldam@hotmail.com','W!!!$X!*#*#*','SUPERUSER',1,'97683c44-a332-4c2d-ad0b-c814860b956b','2024-03-11 11:56:46','2024-03-17 21:15:35'),('Alicea','Warrior','awarrior13311','alicea.warrior@yahoo.com','!*!zP*5&','ADMIN',1,'98aa5979-70f8-480a-948e-d8f8f61102c1','2024-03-11 11:08:47','2024-03-21 08:17:57'),('Georgi','Kittoe','gkittoe11310','georgi.kittoe@yahoo.com','w!F!n47%#*!','STAFF',0,'9e7f4264-4cf4-4737-b524-f0163b4b1408','2024-03-11 13:51:31','2024-03-19 01:44:30'),('Matty','Dobble','mdobble15009','matty.dobble@me.com','*bF!*!*#%F1!0w!','SUPERUSER',0,'a14a8610-4b38-428d-8a30-a0fd8c806c35','2024-03-11 15:32:17','2024-03-20 13:31:28'),('Raynard','Hymers','rhymers17152','raynard.hymers@gmail.com','V!!**96%$6','SUPERUSER',1,'a22ac9b2-fa43-4836-ab7d-9ae39b5d5130','2024-03-11 11:39:24','2024-03-12 16:23:53'),('Martino','Noblet','mnoblet24910','martino.noblet@aliceadsl.fr','YP***o932!','SUPERUSER',1,'a443cef7-9563-45f6-a872-78451649d9bc','2024-03-11 09:40:03','2024-03-18 20:15:23'),('Elia','MacLleese','emaclleese1522','elia.maclleese@yahoo.com','%S!1d$%!*a','ADMIN',0,'a67ae9e0-92ec-482a-b8e4-66d1bdb7f5ab','2024-03-11 15:34:11','2024-03-16 19:21:10'),('Arabel','Snape','asnape32622','arabel.snape@yahoo.com','**PUae#%N4!*#!','STAFF',0,'ab710bea-3515-4ee9-a732-a250c64ddf92','2024-03-11 11:51:39','2024-03-12 23:17:32'),('Morty','Teligin','mteligin7631','morty.teligin@hotmail.com','#v**&#F$*K!57CE','STAFF',1,'abe9972b-a35d-4dcf-96cd-1975776ee402','2024-03-11 16:34:24','2024-03-16 05:21:50'),('Sheppard','Healings','shealings39866','sheppard.healings@gmail.com','tlC64!!v1!*','ADMIN',1,'ac20ce08-54db-4f53-b70f-25bd7f800389','2024-03-11 15:55:33','2024-03-19 21:34:17'),('Ginevra','Allflatt','gallflatt47871','ginevra.allflatt@hotmail.com','!!*h!Y#$5','ADMIN',0,'ac2eab63-940e-4be5-a910-2468e5563ede','2024-03-11 11:43:55','2024-03-18 17:55:54'),('Emerson','Harmston','eharmston37597','emerson.harmston@gmail.com','**#U!**#*Q','STAFF',0,'b19d27a4-7b40-4497-bc00-f1de25a3fc4d','2024-03-11 13:04:36','2024-03-14 09:43:15'),('Gustaf','Biermatowicz','gbiermatowicz19872','gustaf.biermatowicz@wanadoo.fr','5*5#&&!&7NY','ADMIN',1,'b4882ea6-a3eb-4fed-a2bd-8e7c78cecbc1','2024-03-11 15:18:54','2024-03-17 14:16:16'),('Aldric','Meo','ameo5671','aldric.meo@msn.com','q*2%Y!p9p!3','ADMIN',1,'b4dedacc-65f6-4df8-92ba-7792b025d1e7','2024-03-11 12:47:49','2024-03-21 05:50:49'),('Aguistin','Silbermann','asilbermann25197','aguistin.silbermann@orange.fr','&!mw*!cx','ADMIN',0,'b52dd8b3-cbda-4b2d-8711-40b84c73b472','2024-03-11 12:10:57','2024-03-13 20:38:19'),('Dulcinea','Le Blanc','dle blanc13062','dulcinea.leblanc@gmail.com','G**!FxyH$q','ADMIN',1,'b5f9db61-97ef-4ea5-bc0c-02527a13d026','2024-03-11 16:54:09','2024-03-14 10:24:05'),('Allie','Farress','afarress9217','allie.farress@hotmail.com','U#p$*t!1!*213y','STAFF',0,'b8c951b0-28fd-4357-9706-ece14e7d9991','2024-03-11 11:10:15','2024-03-19 13:15:09'),('Nadine','McFadzean','nmcfadzean31124','nadine.mcfadzean@sbcglobal.net','q%%1Q%&#!0h%1#**','STAFF',1,'be43a56e-5d3a-477e-8ee1-4ea119785026','2024-03-11 11:15:56','2024-03-12 14:54:14'),('Wallace','Jeanesson','wjeanesson62877','wallace.jeanesson@yahoo.com','IZ&!!#%#14*8','ADMIN',0,'befe2406-ca37-43f9-b447-75e5c9c2ccab','2024-03-11 12:04:23','2024-03-18 15:14:59'),('Gray','Staff','gstaff45130','gray.staff@hotmail.com','!%7$t&94*!!%*','STAFF',1,'c008c983-a73d-4dc5-9b91-c6324af2fd77','2024-03-11 08:58:03','2024-03-19 00:57:57'),('Allix','Ortler','aortler26845','allix.ortler@hotmail.com','%O6W*!!P2%','ADMIN',0,'c3290c5e-f33d-4ac3-8418-83ec8e4f9a26','2024-03-11 09:29:27','2024-03-13 13:39:36'),('Berget','Denyukin','bdenyukin21070','berget.denyukin@yahoo.com','!!z*!85bo','ADMIN',0,'c3755f34-715d-48eb-93a1-c01727ef5bbe','2024-03-11 16:03:13','2024-03-21 15:04:31'),('Annie','Strattan','astrattan57747','annie.strattan@hotmail.com','!*#6!#$d91#%**','ADMIN',1,'c47a048d-2626-4bc9-819c-3e5bbf11d66b','2024-03-11 08:24:58','2024-03-15 05:37:11'),('Angelica','Tschursch','atschursch54122','angelica.tschursch@hotmail.com','!q$*q*X#%$**','STAFF',1,'c9041606-beef-4892-a496-2dc150a2224b','2024-03-11 11:38:24','2024-03-19 01:11:26'),('Baxie','Keneford','bkeneford54968','baxie.keneford@yahoo.com','!%!!bvW*&v4#@*','ADMIN',0,'c9c4470d-54b0-4e5e-b1b0-1be7856dd4a3','2024-03-11 13:08:43','2024-03-17 02:37:26'),('Randie','Warwicker','rwarwicker43316','randie.warwicker@hotmail.com','$jK*UE%U*B!z*','ADMIN',0,'cb0e5ae7-5fab-4b55-b5b7-93a866dc2bf6','2024-03-11 13:35:03','2024-03-12 23:35:53'),('Pat','Tilliard','ptilliard22114','pat.tilliard@hotmail.com','6sp5y!Q#*','ADMIN',1,'cd79e41b-df01-447a-9354-a26e128f360d','2024-03-11 11:27:46','2024-03-12 16:14:45'),('Germaine','Akett','gakett28869','germaine.akett@yahoo.com.br','5!2*yo!04&&S!','ADMIN',1,'cdc53b22-ab53-4abc-b709-996343733e1d','2024-03-11 14:35:16','2024-03-16 15:29:50'),('De','Ferneyhough','dferneyhough43183','de.ferneyhough@hotmail.com','V*!##R4$&Q*$bW%E','STAFF',0,'d096a8b2-9f51-4ad9-91a4-afbf2ae67f0e','2024-03-11 15:05:48','2024-03-14 08:37:46'),('Roberta','Ruffle','rruffle57877','roberta.ruffle@hotmail.com','kI*%!2$!','SUPERUSER',1,'d11c9e3a-a57b-4e51-ae34-ff79157e93e3','2024-03-11 13:42:10','2024-03-13 11:43:33'),('Ellyn','Esberger','eesberger26294','ellyn.esberger@msn.com','Q!%h*I59','STAFF',1,'d311fb89-1e2c-4cf2-94e0-0158c7145957','2024-03-11 13:30:39','2024-03-17 05:03:49'),('Eunice','Stooders','estooders33520','eunice.stooders@orange.fr','sJV!IKC*$!Q!6&','SUPERUSER',0,'d35f678b-6737-4001-abe8-222486ebf3cf','2024-03-11 12:09:20','2024-03-20 03:06:45'),('Tommy','Baise','tbaise38056','tommy.baise@hotmail.com','0G!!*U*3!*!w','SUPERUSER',1,'d3b36f06-8cb2-455f-b460-03ee4f5abf98','2024-03-11 14:50:21','2024-03-16 10:43:39'),('Michaela','Batchley','mbatchley43573','michaela.batchley@yahoo.com','H*%%7!!$$r!P6!!','ADMIN',0,'d71ca1e1-dfde-4537-9c5b-cc852103c6fa','2024-03-11 11:34:57','2024-03-20 23:39:57'),('Dorolisa','Crepin','dcrepin26732','dorolisa.crepin@wanadoo.fr','0!49O#*#*5','STAFF',0,'d8e6ef8d-65bc-41a9-a209-7d1d694a55b0','2024-03-11 15:47:25','2024-03-12 21:47:20'),('Jase','Ondrusek','jondrusek19273','jase.ondrusek@hotmail.com','I#*#Vl$IQ$*&!','ADMIN',1,'e1dfd362-ff62-4dd1-b345-929644bed681','2024-03-11 09:23:13','2024-03-21 07:03:48'),('Venita','Daborne','vdaborne40471','venita.daborne@juno.com','B**YH23TJ','ADMIN',1,'e8414d5c-c8cb-4a83-a0c7-6b2fdc7992d6','2024-03-11 10:12:58','2024-03-15 01:16:41'),('Elisabeth','Haistwell','ehaistwell20259','elisabeth.haistwell@yahoo.com','%9i4x!9%@!*$f&','STAFF',0,'ea5a6738-cc14-4dce-9efb-1f51c687e431','2024-03-11 09:55:03','2024-03-19 02:55:11'),('Leonard','Curston','lcurston33912','leonard.curston@yahoo.com','D*&O*!wq*lg2!','SUPERUSER',1,'f2b9277b-638c-4252-b240-72a2882b6e92','2024-03-11 15:04:25','2024-03-15 00:28:33'),('Blaire','Mellsop','bmellsop30849','blaire.mellsop@sbcglobal.net','Ih*8&W**','STAFF',1,'f47267f1-8902-462d-ae19-ff8630d515f2','2024-03-11 13:15:46','2024-03-17 07:43:07'),('Donielle','Guilfoyle','dguilfoyle32636','donielle.guilfoyle@uol.com.br','&2z%!%l!','STAFF',1,'f7c100e2-064e-432c-a46b-18917c0c4e24','2024-03-11 15:41:25','2024-03-20 10:10:55'),('Shandy','Falloon','sfalloon29875','shandy.falloon@gmail.com','7!Na7#5*$*#*p*!','ADMIN',1,'f7dfd347-0bb6-43e5-9588-3ce83c1c7fed','2024-03-11 10:44:19','2024-03-11 21:42:57'),('Kellina','Adiscot','kadiscot23283','kellina.adiscot@gmail.com','5@wR!das5*Q','ADMIN',1,'fba6bb26-e675-4368-b745-99a347b1e651','2024-03-11 13:18:53','2024-03-16 16:29:55'),('Kelly','Gillow','kgillow28024','kelly.gillow@bigpond.com','X$&7!!d9r7!','ADMIN',1,'fbee4303-11e2-43fc-a6e3-203d9c080bba','2024-03-11 10:36:58','2024-03-11 17:23:44'),('Bekki','Murby','bmurby52059','bekki.murby@yahoo.com','!!*vBg3Vwa#','ADMIN',0,'ff6373a7-e794-403c-8050-5cf8eb4160ba','2024-03-11 12:07:07','2024-03-17 11:47:28');
/*!40000 ALTER TABLE `users` ENABLE KEYS */;
UNLOCK TABLES;
/*!40103 SET TIME_ZONE=@OLD_TIME_ZONE */;

/*!40101 SET SQL_MODE=@OLD_SQL_MODE */;
/*!40014 SET FOREIGN_KEY_CHECKS=@OLD_FOREIGN_KEY_CHECKS */;
/*!40014 SET UNIQUE_CHECKS=@OLD_UNIQUE_CHECKS */;
/*!40101 SET CHARACTER_SET_CLIENT=@OLD_CHARACTER_SET_CLIENT */;
/*!40101 SET CHARACTER_SET_RESULTS=@OLD_CHARACTER_SET_RESULTS */;
/*!40101 SET COLLATION_CONNECTION=@OLD_COLLATION_CONNECTION */;
/*!40111 SET SQL_NOTES=@OLD_SQL_NOTES */;

-- Dump completed on 2025-03-15 11:32:27
