-- MySQL dump 10.13  Distrib 8.0.41, for Linux (x86_64)
--
-- Host: localhost    Database: inventrix_dev_db
-- ------------------------------------------------------
-- Server version	8.0.41-0ubuntu0.22.04.1

/*!40101 SET @OLD_CHARACTER_SET_CLIENT=@@CHARACTER_SET_CLIENT */;
/*!40101 SET @OLD_CHARACTER_SET_RESULTS=@@CHARACTER_SET_RESULTS */;
/*!40101 SET @OLD_COLLATION_CONNECTION=@@COLLATION_CONNECTION */;
/*!50503 SET NAMES utf8mb4 */;
/*!40103 SET @OLD_TIME_ZONE=@@TIME_ZONE */;
/*!40103 SET TIME_ZONE='+00:00' */;
/*!40014 SET @OLD_UNIQUE_CHECKS=@@UNIQUE_CHECKS, UNIQUE_CHECKS=0 */;
/*!40014 SET @OLD_FOREIGN_KEY_CHECKS=@@FOREIGN_KEY_CHECKS, FOREIGN_KEY_CHECKS=0 */;
/*!40101 SET @OLD_SQL_MODE=@@SQL_MODE, SQL_MODE='NO_AUTO_VALUE_ON_ZERO' */;
/*!40111 SET @OLD_SQL_NOTES=@@SQL_NOTES, SQL_NOTES=0 */;

--
-- Table structure for table `categories`
--

DROP TABLE IF EXISTS `categories`;
/*!40101 SET @saved_cs_client     = @@character_set_client */;
/*!50503 SET character_set_client = utf8mb4 */;
CREATE TABLE `categories` (
  `name` varchar(60) NOT NULL,
  `description` varchar(1024) DEFAULT NULL,
  `id` varchar(60) NOT NULL,
  `created_at` datetime DEFAULT NULL,
  `updated_at` datetime DEFAULT NULL,
  PRIMARY KEY (`id`),
  UNIQUE KEY `name` (`name`)
) ENGINE=InnoDB DEFAULT CHARSET=utf8mb4 COLLATE=utf8mb4_0900_ai_ci;
/*!40101 SET character_set_client = @saved_cs_client */;

--
-- Dumping data for table `categories`
--

LOCK TABLES `categories` WRITE;
/*!40000 ALTER TABLE `categories` DISABLE KEYS */;
INSERT INTO `categories` VALUES ('Drywall & Acoustical (MOB)','Horizontal content-based orchestration','0281c6c0-356f-48b0-833d-1eed161c0c0d','2024-08-07 20:21:17','2024-11-15 05:52:45'),('Fire Sprinkler System','De-engineered intermediate encryption','05dde1e0-59cd-43f7-886d-ab5b75b9685f','2024-06-16 08:00:20','2024-03-26 00:01:07'),('Ornamental Railings','Profit-focused non-volatile analyzer','0b890b91-6e39-4abd-b039-379502509c3c','2025-01-15 12:10:30','2024-07-04 05:30:50'),('Epoxy Flooring','Front-line 5th generation complexity','1169a0bf-2ad3-492f-8c22-5e068579b241','2025-02-16 12:09:55','2024-11-05 01:32:18'),('Drywall & Acoustical (FED)','Innovative system-worthy solution','7317db2d-ac5f-4b30-9d46-765587af9d60','2024-09-22 06:03:52','2024-07-31 07:00:18'),('Masonry','Polarised even-keeled instruction set','9490485f-a86e-4fbd-8b2f-ccec0e44aacf','2025-02-14 15:50:44','2024-04-05 19:42:31'),('Roofing (Metal)','Optional local service-desk','a696d336-d3ad-437d-913c-4940df152a3a','2024-03-11 00:58:37','2024-04-26 09:53:15'),('Curb & Gutter','Automated intangible matrices','d9d32275-c6d4-48ee-bb9d-c1433c286fcc','2024-04-05 23:42:23','2024-04-21 07:27:16'),('Wall Protection','Organized directional conglomeration','dc8f4ab9-2051-4c5f-8070-e6a1b1b5f3b6','2024-10-09 23:06:45','2024-10-14 00:40:23'),('Prefabricated Aluminum Metal Canopies','Balanced 24/7 matrix','df6ae42a-43f7-4e0c-ae9c-df5c38da9d7c','2024-10-12 09:02:38','2025-01-05 10:33:47');
/*!40000 ALTER TABLE `categories` ENABLE KEYS */;
UNLOCK TABLES;

--
-- Table structure for table `customers`
--

DROP TABLE IF EXISTS `customers`;
/*!40101 SET @saved_cs_client     = @@character_set_client */;
/*!50503 SET character_set_client = utf8mb4 */;
CREATE TABLE `customers` (
  `name` varchar(128) DEFAULT NULL,
  `phone` varchar(20) DEFAULT NULL,
  `email` varchar(60) DEFAULT NULL,
  `address` varchar(1024) DEFAULT NULL,
  `id` varchar(60) NOT NULL,
  `created_at` datetime DEFAULT NULL,
  `updated_at` datetime DEFAULT NULL,
  PRIMARY KEY (`id`),
  UNIQUE KEY `phone` (`phone`),
  UNIQUE KEY `email` (`email`)
) ENGINE=InnoDB DEFAULT CHARSET=utf8mb4 COLLATE=utf8mb4_0900_ai_ci;
/*!40101 SET character_set_client = @saved_cs_client */;

--
-- Dumping data for table `customers`
--

LOCK TABLES `customers` WRITE;
/*!40000 ALTER TABLE `customers` DISABLE KEYS */;
INSERT INTO `customers` VALUES ('Derwin Goodyer','(617) 240-8200','derwin.goodyer@ymail.com','8955 Thayer Terrace, Boston, Massachusetts, United States, 02124','00ac189f-299a-4000-b5f0-708b3e00e59e','2024-03-08 14:59:32','2024-03-08 17:08:43'),('Darnall Springell','(310) 856-0637','darnall.springell@gmail.com','4738 Netherwood Place, Torrance, California, United States, 90505','00af5295-2671-47a8-bf1d-e6c886c38751','2024-03-08 18:55:59','2024-03-09 04:16:53'),('Felipa Culvey','(614) 358-1963','felipa.culvey@gmail.com','5401 Markward Drive, Columbus, Ohio, United States, 43284','09293a1e-8ddc-4b7f-968e-f2ba56d18af1','2024-03-08 13:34:43','2024-03-15 07:16:36'),('Mariam Cridlin','(702) 323-9002','mariam.cridlin@gmail.com','11902 Julian Loop, Las Vegas, Nevada, United States, 89150','0b2ace88-fd76-40c2-b5b4-76a2c6cac5e5','2024-03-08 15:28:59','2024-03-15 03:26:17'),('Gusty Sinyard','(360) 842-5388','gusty.sinyard@rediffmail.com','14430 Chase Court, Olympia, Washington, United States, 98506','0f9bdff7-7f4a-42fc-b7ed-5eac475b2847','2024-03-08 11:56:19','2024-03-17 22:42:12'),('Krispin Radeliffe','(641) 432-8721','krispin.radeliffe@gmail.com','13557 Maddie Terrace, Des Moines, Iowa, United States, 50315','13d087e7-3cb0-4dfe-aff8-c4bde023efe4','2024-03-08 18:17:37','2024-03-13 10:46:55'),('Lotte Christol','(571) 795-2125','lotte.christol@gmail.com','1104 Arcola Court, Arlington, Virginia, United States, 22205','16ccaffa-b77e-43ff-909f-c7473a608894','2024-03-08 13:17:44','2024-03-12 00:16:53'),('Amory Oxherd','(760) 432-7958','amory.oxherd@yahoo.in','1094 Turnberry Lane, Escondido, California, United States, 92030','18c73ded-1319-482b-84b5-1a2b86b3028d','2024-03-08 18:35:49','2024-03-15 21:38:44'),('Julina Slixby','(260) 034-1774','julina.slixby@gmail.com','12134 Ogden Avenue, Fort Wayne, Indiana, United States, 46814','18effadd-931c-4314-a140-ccb68a75d0bf','2024-03-08 15:22:35','2024-03-15 01:41:00'),('Herb Pleace','(913) 639-5699','herb.pleace@gmail.com','10524 Delia Place, Kansas City, Kansas, United States, 66105','18ff4178-1f7c-4f30-afb1-8846ab3219c4','2024-03-08 13:48:14','2024-03-09 16:42:34'),('Trish Pina','(717) 570-0186','trish.pina@yahoo.com','14885 Emporia Place, Harrisburg, Pennsylvania, United States, 17110','19bf4679-d0d4-4fac-bdc4-941817ba1f53','2024-03-08 16:11:26','2024-03-15 21:48:03'),('Liam Doogue','(212) 032-0740','liam.doogue@yahoo.com','9756 Terrebonne Terrace, New York City, New York, United States, 10014','1ce294cf-6c16-43a3-bab3-282a9aef9a8a','2024-03-08 11:44:45','2024-03-18 03:38:40'),('Beilul O\'Halleghane','(515) 588-5464','beilul.ohalleghane@gmail.com','12985 Graham Court, Des Moines, Iowa, United States, 50310','1daf21e2-fffc-4bfd-8ffa-7d5ae9aba32e','2024-03-08 14:55:17','2024-03-15 10:21:13'),('Loreen Rigate','(941) 798-9619','loreen.rigate@wanadoo.fr','4205 Soto Place, North Port, Florida, United States, 34290','1f68a48d-6299-4761-99ef-3fccc9f5e3a9','2024-03-08 11:16:25','2024-03-11 22:41:03'),('Pincus Tolwood','(323) 075-6190','pincus.tolwood@yahoo.com','13317 Santa Rita Way, Inglewood, California, United States, 90305','210daef9-16b1-485a-99b4-7997d734e1af','2024-03-08 13:52:07','2024-03-10 19:53:31'),('Sadie Say','(701) 725-3082','sadie.say@yahoo.com','6376 Hollyhock Way, Bismarck, North Dakota, United States, 58505','24327b7a-a25d-4ec0-ba83-4dc6478485a0','2024-03-08 16:37:57','2024-03-12 14:58:49'),('Evelyn Legrave','(707) 756-5387','evelyn.legrave@skynet.be','2095 Osprey Avenue, Santa Rosa, California, United States, 95405','2454f4e2-dfdc-449d-b5ec-75927d218aa9','2024-03-08 19:37:35','2024-03-09 21:17:37'),('Ambrosi Esgate','(860) 801-7198','ambrosi.esgate@hotmail.com','14593 Antigua Place, Hartford, Connecticut, United States, 06120','250efbbe-7415-4ef4-99cd-3a45da83a398','2024-03-08 14:23:25','2024-03-14 23:37:15'),('Marcela Campsall','(716) 027-7413','marcela.campsall@gmail.com','3666 Saranac Place, Buffalo, New York, United States, 14225','251a0a64-f938-4345-ba81-dd7d31b833fb','2024-03-08 15:49:45','2024-03-17 17:35:37'),('Alessandra Duthie','(612) 008-2438','alessandra.duthie@gmail.com','2388 Bartlet Lane, Minneapolis, Minnesota, United States, 55458','2d0bb932-0f65-459d-bfb8-c723c105bb8a','2024-03-08 12:48:35','2024-03-08 15:27:49'),('Barris Bolzmann','(714) 513-8719','barris.bolzmann@qq.com','3189 Pine Ridge Street, Irvine, California, United States, 92612','2f461953-0cd4-4b4b-8de8-095f97e6f191','2024-03-08 20:19:15','2024-03-17 07:58:21'),('Far Halifax','(405) 931-1448','far.halifax@hotmail.fr','5860 Vineyard Drive, Oklahoma City, Oklahoma, United States, 73167','300ae684-eb71-4ade-bd5e-cb3c7d44af72','2024-03-08 15:01:35','2024-03-12 18:13:07'),('Olivia Benedek','(205) 016-9508','olivia.benedek@yahoo.com','6914 Fayette Court, Birmingham, Alabama, United States, 35242','3a8f0d26-82c9-40ed-b9d2-248fb0959cee','2024-03-08 15:13:21','2024-03-16 03:49:02'),('Cherice Donohue','(407) 386-6741','cherice.donohue@aol.com','9949 Countrywind Court, Orlando, Florida, United States, 32854','3e42f579-ea7e-408b-8b35-9ce4d6103008','2024-03-08 16:08:41','2024-03-13 04:04:44'),('Goddard Belhomme','(623) 115-6330','goddard.belhomme@gmail.com','6183 Leslie Lane, Glendale, Arizona, United States, 85305','3e8f1a62-7166-40da-a7bb-92c64f525785','2024-03-08 13:53:23','2024-03-10 17:35:17'),('Lana Moreside','(520) 994-6706','lana.moreside@hotmail.com','6382 Frymier Avenue, Tucson, Arizona, United States, 85754','4ca54362-7df3-4e93-b176-3aebfd49a622','2024-03-08 19:02:35','2024-03-13 18:40:38'),('Ruthi Towndrow','(510) 904-2838','ruthi.towndrow@gmail.com','5482 Eastmont Court, Hayward, California, United States, 94544','4ccf262e-5b01-48bc-a932-1f80696ce3da','2024-03-08 17:47:43','2024-03-13 02:28:18'),('Moselle Takle','(862) 816-9554','moselle.takle@hotmail.com','12650 Tutt Place, Newark, New Jersey, United States, 07188','4e290472-6e51-463a-8188-3d83bfb722ef','2024-03-08 14:43:54','2024-03-13 03:04:41'),('Grantham Whitwam','(208) 869-6213','grantham.whitwam@hotmail.fr','12433 Mccoll Court, Pocatello, Idaho, United States, 83206','4e56ae7f-f0e4-4807-ba1e-40915acf7377','2024-03-08 17:03:54','2024-03-09 17:50:25'),('Burr Doncaster','(712) 984-1203','burr.doncaster@verizon.net','6003 Cambria Circle, Sioux City, Iowa, United States, 51110','4ea5f6a8-b512-4527-8135-c1f05244999a','2024-03-08 13:19:27','2024-03-12 10:48:13'),('Bruis Greenhill','(702) 877-4353','bruis.greenhill@gmail.com','9237 Camden Terrace, Las Vegas, Nevada, United States, 89155','508ccf7c-ea7f-470a-8b88-c150c1ba20d4','2024-03-08 15:55:04','2024-03-14 09:02:41'),('Stanislaw Pendrich','(915) 727-8199','stanislaw.pendrich@hotmail.com','11438 Sugar Creek Path, El Paso, Texas, United States, 79911','5356c1e1-2500-4fa0-a3ce-a04570fc974e','2024-03-08 14:30:15','2024-03-18 07:39:56'),('Antonius Ratchford','(714) 840-2853','antonius.ratchford@gmail.com','5651 Baysinger Path, Huntington Beach, California, United States, 92648','57ea589f-5452-4af3-946e-36da5587c333','2024-03-08 13:08:35','2024-03-15 15:26:56'),('Danella Adrian','(361) 541-2470','danella.adrian@yahoo.com','3905 Graves Place, Corpus Christi, Texas, United States, 78415','5970092f-16a9-4c89-b8cf-b469da8658ae','2024-03-08 12:24:00','2024-03-17 00:24:24'),('Gaven Pierri','(518) 450-1908','gaven.pierri@hotmail.com','9241 Kilmer Way, Albany, New York, United States, 12237','597f2c44-9e66-4b63-a85f-985ab9b1ed47','2024-03-08 19:17:00','2024-03-12 01:45:55'),('Charmion Dancer','(210) 908-9697','charmion.dancer@hotmail.com','11311 Valverda Drive, San Antonio, Texas, United States, 78245','5b7df3df-c6fd-4161-aa95-4a9379d5b3e8','2024-03-08 17:37:29','2024-03-11 20:45:41'),('Nettle Jossum','(202) 408-3668','nettle.jossum@aol.com','8138 Sabal Palm Avenue, Washington, District of Columbia, United States, 20370','6105d7b0-f025-4633-ac2f-e12441fb486c','2024-03-08 17:28:52','2024-03-17 00:02:59'),('Hannah Milne','(623) 520-9468','hannah.milne@mail.ru','7327 Hiles Place, Scottsdale, Arizona, United States, 85260','621e0237-2a0c-4bf7-9322-590fece76ff1','2024-03-08 14:04:25','2024-03-08 20:02:40'),('Ahmad Nowick','(515) 244-0125','ahmad.nowick@rediffmail.com','5338 Pickering Path, Des Moines, Iowa, United States, 50347','64fa88f6-28ec-4d65-878f-336b625f4729','2024-03-08 12:09:19','2024-03-10 04:29:27'),('Theressa Simper','(425) 662-2425','theressa.simper@gmail.com','14395 Hamlin Place, Bellevue, Washington, United States, 98008','6dbacd09-3fe5-4af5-9537-6f76d7bd2e28','2024-03-08 12:11:39','2024-03-12 04:37:16'),('Tabor Archbould','(573) 464-1886','tabor.archbould@hotmail.com','5952 Reyes Avenue, Columbia, Missouri, United States, 65211','7163bcd8-95e0-4551-b971-48713a6cc6b7','2024-03-08 15:53:14','2024-03-10 00:37:17'),('Myrilla Wittman','(901) 546-3494','myrilla.wittman@gmail.com','2361 Elaine Court, Memphis, Tennessee, United States, 38136','74889488-ffb1-4ba0-8416-364bbd025a67','2024-03-08 19:33:14','2024-03-17 14:03:50'),('Bayard Kiffin','(414) 019-7132','bayard.kiffin@gmail.com','604 Dwayne Avenue, Milwaukee, Wisconsin, United States, 53215','75c5f856-f7c4-4819-be50-2fec9c2e268b','2024-03-08 20:01:51','2024-03-09 12:44:45'),('Sheridan Spadelli','(904) 743-2855','sheridan.spadelli@yahoo.com','11773 Yucca Court, Jacksonville, Florida, United States, 32255','7617792b-7ea2-4e40-822b-263497fc1a86','2024-03-08 12:18:12','2024-03-16 18:01:22'),('Stavros Dodshon','(915) 700-5878','stavros.dodshon@yahoo.com','12680 Hardwood Lane, El Paso, Texas, United States, 79934','7758958f-a3f8-4d17-95aa-4034b884abcb','2024-03-08 11:34:59','2024-03-14 05:11:47'),('Hartley Grew','(502) 667-5589','hartley.grew@yahoo.com','3217 Tammy Lane, Frankfort, Kentucky, United States, 40618','7aa292bf-37ec-4180-8e40-89d6f7db55d2','2024-03-08 18:13:12','2024-03-18 13:28:17'),('Kleon Jakubczyk','(832) 155-7788','kleon.jakubczyk@hotmail.fr','9504 Blaise Terrace, Houston, Texas, United States, 77095','7cc9c9fc-4066-467f-a371-572cc21af643','2024-03-08 17:45:13','2024-03-13 02:57:31'),('Yevette Di Baudi','(469) 886-3442','yevette.dibaudi@yahoo.it','774 Christopher Court, Dallas, Texas, United States, 75236','7e20b735-d085-4386-9bc4-5fe9d096b0aa','2024-03-08 19:46:24','2024-03-16 20:59:47'),('Jacintha Cruces','(419) 073-3767','jacintha.cruces@yahoo.com','10674 Canyon Avenue, Toledo, Ohio, United States, 43656','8093c38c-1fde-44c4-8999-8c84f14ceb04','2024-03-08 11:28:45','2024-03-10 02:23:14'),('Sinclare O\'Cahsedy','(765) 460-0735','sinclare.ocahsedy@yahoo.com','7513 Vagabond Street, Anderson, Indiana, United States, 46015','8259f78e-87a8-45fd-af6a-45aedfbcf0a5','2024-03-08 14:51:45','2024-03-10 14:00:25'),('Evonne Brunskill','(202) 540-5151','evonne.brunskill@yandex.ru','6175 Rayburn Court, Washington, District of Columbia, United States, 20215','8304d190-d96f-49d2-bb94-e218645ad837','2024-03-08 20:10:17','2024-03-18 05:41:41'),('Thom Gladdis','(303) 736-3654','thom.gladdis@yahoo.com','12383 Ramon Road, Littleton, Colorado, United States, 80161','86002269-8063-4387-8604-7f72bb0e1790','2024-03-08 12:33:01','2024-03-10 00:21:23'),('Elbertine Olexa','(202) 010-7035','elbertine.olexa@hotmail.fr','2816 Mclain Street, Washington, District of Columbia, United States, 20535','8644d6fc-cdb0-4ce1-a68a-6aa255e0b5c1','2024-03-08 14:28:02','2024-03-16 07:34:24'),('Bennett Bee','(314) 673-6041','bennett.bee@hotmail.com','11165 Pink Blossom Court, Saint Louis, Missouri, United States, 63104','8bcd877e-f1eb-41c8-9dfb-a5400416bede','2024-03-08 16:47:55','2024-03-10 04:11:30'),('Dom Clutten','(562) 614-9522','dom.clutten@sky.com','129 Darien Way, Long Beach, California, United States, 90805','8d2a153c-ec2b-4e02-9f98-29fe076b85e8','2024-03-08 18:54:28','2024-03-17 16:12:44'),('Pepe Varey','(253) 940-7800','pepe.varey@yahoo.com','10531 Trenton Lane, Tacoma, Washington, United States, 98405','8f679dff-03d7-443d-91c3-235a0460b5eb','2024-03-08 14:05:38','2024-03-15 15:19:42'),('Tabbatha Klejin','(415) 320-8114','tabbatha.klejin@free.fr','1586 Estill Avenue, San Francisco, California, United States, 94177','9002c097-8cc4-44c6-be3d-3a19cb96316f','2024-03-08 18:58:36','2024-03-17 16:47:25'),('Arlan Plaskett','(515) 339-3410','arlan.plaskett@hotmail.com','5297 Perez Place, Des Moines, Iowa, United States, 50335','9298eb9f-5616-40ef-b70d-95d0547fc637','2024-03-08 15:08:18','2024-03-14 19:13:35'),('Raquel Raden','(937) 973-1444','raquel.raden@yahoo.com','488 Hamilton Place, Dayton, Ohio, United States, 45403','97ce5b87-13ec-4da7-bc71-1a43788808a1','2024-03-08 13:57:23','2024-03-15 20:32:01'),('Dosi Dundredge','(304) 295-9086','dosi.dundredge@gmail.com','189 Quill Avenue, Charleston, West Virginia, United States, 25331','98877b38-5e78-46c2-b4d6-bf93a5836836','2024-03-08 15:45:10','2024-03-10 19:18:09'),('Mitzi Pancoast','(202) 455-8627','mitzi.pancoast@gmail.com','1174 Mayberry Court, Washington, District of Columbia, United States, 20310','9c7cc3d2-eb68-43e8-963f-bbb060b69d6d','2024-03-08 19:23:42','2024-03-15 02:16:44'),('Raddy Brindley','(812) 570-2855','raddy.brindley@gmail.com','13939 Bassinger Court, Terre Haute, Indiana, United States, 47812','a9963f1f-b42d-47c7-b577-443240bd945b','2024-03-08 19:10:44','2024-03-17 02:29:25'),('Jess MacMurray','(313) 343-6478','jess.macmurray@hotmail.co.uk','1111 Carriage Court, Detroit, Michigan, United States, 48206','adafc81f-19b9-4ff9-804a-80b495008368','2024-03-08 13:54:41','2024-03-12 15:09:41'),('Neille Ransfield','(901) 460-3531','neille.ransfield@yahoo.fr','11989 Kenya Street, Memphis, Tennessee, United States, 38188','add0ac90-482a-46ab-86c5-681484741ef7','2024-03-08 12:02:33','2024-03-18 01:15:58'),('Rudd Lemmertz','(718) 354-8679','rudd.lemmertz@web.de','9609 Flowersville Place, Brooklyn, New York, United States, 11225','ae075c8e-ca15-4539-8765-20ed1f10772f','2024-03-08 17:02:05','2024-03-17 12:07:44'),('Cull Okenden','(407) 982-3911','cull.okenden@gmail.com','8514 Harrison Road, Winter Haven, Florida, United States, 33884','ae1bff05-ad29-42cd-a388-e0a0416a0f20','2024-03-08 18:00:50','2024-03-13 18:34:43'),('Koralle Pennyman','(213) 875-9037','koralle.pennyman@msn.com','2725 Lunsford Lane, Van Nuys, California, United States, 91499','b07be0da-b3fd-4f59-ae49-2b9f9646c1df','2024-03-08 12:40:03','2024-03-11 03:20:37'),('Katie Hallin','(571) 197-0263','katie.hallin@sfr.fr','1193 Sara Street, Ashburn, Virginia, United States, 22093','b44919df-0810-4906-a714-e8997407837e','2024-03-08 18:43:26','2024-03-13 12:28:50'),('Felic Owthwaite','(626) 182-0997','felic.owthwaite@msn.com','13548 Makoski Place, Pasadena, California, United States, 91199','b5fa3271-a2d9-460c-b409-85c6cfcdf7f9','2024-03-08 18:06:29','2024-03-17 15:51:21'),('Hadrian Grainge','(303) 253-9531','hadrian.grainge@yahoo.com','4284 Auburndale Avenue, Denver, Colorado, United States, 80299','bb49c0c9-bfea-4cb0-936b-37370a96ca6e','2024-03-08 16:38:59','2024-03-18 11:49:58'),('Sisile Antliff','(713) 983-2777','sisile.antliff@hotmail.com','8818 Yolanda Lane, Humble, Texas, United States, 77346','c1a22f10-f54b-4b16-801c-56c1a1e1f08c','2024-03-08 13:42:40','2024-03-11 20:09:55'),('Lewiss Marqyes','(754) 568-0695','lewiss.marqyes@yahoo.co.uk','10841 Tannery Terrace, Fort Lauderdale, Florida, United States, 33310','c298d54d-198f-4869-8944-055faa0d94fb','2024-03-08 15:17:08','2024-03-17 08:17:34'),('Charissa Pimm','(781) 151-2181','charissa.pimm@hotmail.com','9393 Carlson Court, Lynn, Massachusetts, United States, 01905','c36adec6-134d-4ec9-95a0-cbde75de727c','2024-03-08 20:11:28','2024-03-11 10:53:11'),('Giulia Cropton','(919) 973-8774','giulia.cropton@web.de','2679 Malvern Court, Durham, North Carolina, United States, 27717','c8d54d7b-9a5a-4364-90f4-ea9497cf0fbb','2024-03-08 17:18:07','2024-03-16 12:54:58'),('Freddi Fawdrie','(503) 439-9966','freddi.fawdrie@gmail.com','8718 Arruda Terrace, Portland, Oregon, United States, 97296','c9f11e6b-7583-4453-b69e-254c55f3ed16','2024-03-08 17:09:26','2024-03-16 20:26:10'),('Ingmar Schuchmacher','(630) 851-6266','ingmar.schuchmacher@aol.com','9585 Turnberry Lane, Naperville, Illinois, United States, 60567','cb0abdfc-e462-4021-9e3e-ab1aaa9d1f39','2024-03-08 16:16:21','2024-03-14 20:09:52'),('Chastity Torritti','(916) 583-8529','chastity.torritti@yahoo.co.uk','12627 Astoria Avenue, Sacramento, California, United States, 95865','cb466586-2655-4f28-a3ee-2cac7f2439d0','2024-03-08 19:52:37','2024-03-11 12:23:04'),('Abigael Cornwall','(909) 522-6373','abigael.cornwall@gmail.com','679 Kerwood Loop, San Bernardino, California, United States, 92405','ccbb8b64-a238-4078-9543-3ba830e3e889','2024-03-08 14:14:39','2024-03-15 17:16:08'),('Mariellen Cottel','(817) 739-9783','mariellen.cottel@hotmail.com','1497 Bermudez Court, Denton, Texas, United States, 76205','cee1f150-33ce-4923-a799-1060705da0e3','2024-03-08 19:08:19','2024-03-18 09:05:45'),('Dickie Gorgen','(763) 181-8254','dickie.gorgen@yahoo.com','7614 West Boone Court, Maple Plain, Minnesota, United States, 55572','d2d5ffc9-9a85-47b4-8b57-40060d49e341','2024-03-08 11:21:02','2024-03-16 06:19:11'),('Levi MacCafferky','(951) 352-4254','levi.maccafferky@yahoo.com','7713 Everett Place, Riverside, California, United States, 92513','d671a7f5-d9d3-4dec-98f0-d86df0130b57','2024-03-08 12:54:49','2024-03-16 11:55:20'),('Dolley Gawith','(214) 798-9148','dolley.gawith@gmail.com','8084 Campos Drive, Garland, Texas, United States, 75044','d9dfbe35-3782-491e-ba8b-a5a6cd9b1bf2','2024-03-08 14:39:12','2024-03-10 16:17:13'),('Ulric Eiler','(517) 468-6766','ulric.eiler@free.fr','3369 Carla Fink Court, Lansing, Michigan, United States, 48919','dbbf994b-cfde-4e5e-bee1-5b705fcb7e32','2024-03-08 14:31:19','2024-03-10 03:39:14'),('Jabez Grinyakin','(312) 615-9292','jabez.grinyakin@gmail.com','1634 Birdsong Place, Chicago, Illinois, United States, 60691','dd59970e-6e59-4cb9-a006-56f51918247e','2024-03-08 13:00:49','2024-03-11 17:12:28'),('Nial Epdell','(913) 710-5075','nial.epdell@yahoo.com','6244 Hershey Lane, Shawnee Mission, Kansas, United States, 66276','e08dcd04-3e83-4d30-9036-90ae0143bdab','2024-03-08 11:14:35','2024-03-09 18:13:12'),('Dyan Godsil','(386) 070-2543','dyan.godsil@hotmail.com','5324 Seth Run, Daytona Beach, Florida, United States, 32123','e32af9f5-be44-4d88-a849-94fc83b29f09','2024-03-08 15:36:33','2024-03-12 06:24:52'),('Jeremiah Gaven','(469) 004-2846','jeremiah.gaven@aol.com','9250 Simpson Street, Dallas, Texas, United States, 75210','e3c246de-adc9-4854-a3fa-d4101f1d006a','2024-03-08 16:31:02','2024-03-10 14:45:18'),('Kris Geaves','(702) 174-7434','kris.geaves@yahoo.com','3658 Simpsonville Lane, Las Vegas, Nevada, United States, 89150','e4e19d00-afbe-454c-96c1-af8b73c7a1ea','2024-03-08 18:45:09','2024-03-09 09:12:06'),('Hayes Moffat','(215) 821-9626','hayes.moffat@hotmail.com','5705 Estill Avenue, Philadelphia, Pennsylvania, United States, 19146','ea843106-e03d-4dd9-932e-5f6b54617b91','2024-03-08 16:56:58','2024-03-15 19:39:18'),('Neile Kingscote','(210) 220-0329','neile.kingscote@yandex.ru','3706 Kingmont Terrace, San Antonio, Texas, United States, 78240','ef14a5e6-e6b8-49e6-a254-919bf850bf25','2024-03-08 17:22:47','2024-03-09 03:46:09'),('Yvonne Osgodby','(480) 527-1788','yvonne.osgodby@gmail.com','4280 Dolan Court, Chandler, Arizona, United States, 85246','f0ff3b26-226b-4b24-8864-97e68ed88572','2024-03-08 19:50:09','2024-03-16 08:26:18'),('Meryl Maysor','(716) 692-1641','meryl.maysor@msn.com','7904 Fenster Lane, Buffalo, New York, United States, 14269','f2026049-1548-4989-b9fd-699edd3a616f','2024-03-08 16:22:34','2024-03-12 11:41:39'),('Rosabella Humpherston','(402) 075-0591','rosabella.humpherston@hotmail.com','13893 Colerain Circle, Omaha, Nebraska, United States, 68117','f3b2fb1b-0d7f-453b-8e9b-b648464752bb','2024-03-08 13:25:47','2024-03-11 13:57:56'),('Rona Nelles','(407) 381-0159','rona.nelles@skynet.be','5300 Candler Place, Orlando, Florida, United States, 32835','f77ecbb7-e373-4106-8155-9fec1ca55cf4','2024-03-08 19:07:19','2024-03-16 07:39:12'),('Lela Riach','(309) 121-9727','lela.riach@hotmail.com','5767 Kaolin Path, Peoria, Illinois, United States, 61656','f7e97578-b73a-4a37-a14b-75a4fe1f6515','2024-03-08 11:50:40','2024-03-10 15:46:36'),('Bessie Collingridge','(205) 001-3100','bessie.collingridge@yahoo.com','11057 Krilov Place, Birmingham, Alabama, United States, 35244','f97ba2cc-b9ff-4d5d-a9e9-86d731d7a7a7','2024-03-08 17:54:34','2024-03-10 00:34:58'),('Ephrem Steely','(316) 051-8747','ephrem.steely@googlemail.com','3639 Jackpot Court, Wichita, Kansas, United States, 67260','fa9c8682-b604-4107-bbcc-c5cf41f78ddd','2024-03-08 16:04:48','2024-03-16 17:08:00'),('Darryl Edmans','(714) 075-2424','darryl.edmans@aol.com','13152 Nugget Place, Orange, California, United States, 92862','fbbb5fbb-190d-4a10-bc58-c1920e42e877','2024-03-08 18:27:02','2024-03-14 21:58:24'),('Keelia Clemensen','(412) 635-9176','keelia.clemensen@yahoo.com','1830 Maplesong Lane, Pittsburgh, Pennsylvania, United States, 15250','fcab4bb6-fb0a-4209-ba89-b03fa5112102','2024-03-08 14:25:49','2024-03-10 12:48:05'),('Malchy Sowter','(602) 487-2688','malchy.sowter@yahoo.com','943 Oxbow Drive, Phoenix, Arizona, United States, 85053','fe9f1af2-f964-4f7f-ab85-fc15823df375','2024-03-08 19:09:34','2024-03-09 08:45:15');
/*!40000 ALTER TABLE `customers` ENABLE KEYS */;
UNLOCK TABLES;

--
-- Table structure for table `products`
--

DROP TABLE IF EXISTS `products`;
/*!40101 SET @saved_cs_client     = @@character_set_client */;
/*!50503 SET character_set_client = utf8mb4 */;
CREATE TABLE `products` (
  `name` varchar(128) NOT NULL,
  `brand` varchar(128) DEFAULT NULL,
  `model` varchar(128) DEFAULT NULL,
  `description` text,
  `sku` varchar(60) NOT NULL,
  `price` decimal(10,2) NOT NULL,
  `stock_quantity` int NOT NULL,
  `category_id` varchar(60) NOT NULL,
  `reorder_level` int NOT NULL,
  `id` varchar(60) NOT NULL,
  `created_at` datetime DEFAULT NULL,
  `updated_at` datetime DEFAULT NULL,
  PRIMARY KEY (`id`),
  UNIQUE KEY `name` (`name`),
  UNIQUE KEY `sku` (`sku`),
  KEY `category_id` (`category_id`),
  CONSTRAINT `products_ibfk_1` FOREIGN KEY (`category_id`) REFERENCES `categories` (`id`)
) ENGINE=InnoDB DEFAULT CHARSET=utf8mb4 COLLATE=utf8mb4_0900_ai_ci;
/*!40101 SET character_set_client = @saved_cs_client */;

--
-- Dumping data for table `products`
--

LOCK TABLES `products` WRITE;
/*!40000 ALTER TABLE `products` DISABLE KEYS */;
INSERT INTO `products` VALUES ('Chipotle Seasoning Blend','Apple','GalaxyLite N','A smoky blend of spices for grilling and roasting.','4TQV17QDG5Z7CMAEPX3LTFQUQHVPC5WVIJ0Y9JHBUU8S11XLMK7AQ74143TJ',2.49,140,'9490485f-a86e-4fbd-8b2f-ccec0e44aacf',417,'00549806-5fec-4f7b-abbf-e81f4467fd8f','2024-03-08 14:32:19','2024-03-17 19:41:38'),('Cat Tree with Scratching Posts','Microsoft','Vertex Dynamic','Multi-level cat tree for play and scratching.','42O48P6342CYY4JE7E55PEOSN99WXCTPCDMQM6HR2FPCULXNGQ4K2D6NLAM0',79.99,9610,'0b890b91-6e39-4abd-b039-379502509c3c',195,'0077e7fd-b0f4-4876-af6f-6c1825037e84','2024-03-08 16:21:53','2024-03-09 11:00:36'),('Desk Organizer Set','LG','Quantum Leap XR','Stylish desk set to keep your workspace tidy and organized.','A0B',29.99,6945,'df6ae42a-43f7-4e0c-ae9c-df5c38da9d7c',115,'02198942-65ba-4d99-9add-12da94d16e72','2024-03-08 18:40:04','2024-03-15 02:43:22'),('Smoked Paprika','Microsoft','Quantum Leap XR','Add a smoky flavor to your dishes.','H46FTRE6M4TCBREH0YKNGU',2.99,3304,'dc8f4ab9-2051-4c5f-8070-e6a1b1b5f3b6',78,'0585a497-5c5d-4525-92c7-70d728c22479','2024-03-08 20:16:45','2024-03-16 23:12:37'),('Almond Butter Cookies','Lenovo','GalaxyLite N','Soft cookies made with almond butter','4XL26FEDA9GC1LUMMBEXY1NULRJI57BZ54JUIO8MXIHWHH8UEHNF9FQM93GK',4.49,9800,'0281c6c0-356f-48b0-833d-1eed161c0c0d',73,'0778ca31-027c-428d-8aad-cbee2a28766a','2024-03-08 16:28:18','2024-03-14 10:29:20'),('Instant Camera','Apple','EcoSmart A1','Retro instant camera for capturing and printing photos instantly.','3MJXUYDRNNHCWAWJAD7STNXYZRUU0L5LHB9EO4XHO7G5A34MZZG3B7OCHQLB',89.99,2517,'0b890b91-6e39-4abd-b039-379502509c3c',433,'0abcf753-b74a-4fc7-aa2c-154406ec2fcb','2024-03-08 20:04:59','2024-03-15 21:16:49'),('Almond Flour Pizza Crust','Puma','Vertex Dynamic','Low-carb pizza crust made from almond flour, gluten-free.','YJQDXIVS8ISOFIYRF8BO9BQQP1FLJ2A95KZJY',7.99,6052,'0b890b91-6e39-4abd-b039-379502509c3c',193,'0ad3d248-2888-4c81-a1f6-272d5ee0f757','2024-03-08 19:27:08','2024-03-09 06:54:34'),('Roasted Garlic','Coca-Cola','GalaxyLite N','Savory roasted garlic in a jar for easy use.','ULELR3YBHRX87VI9A2WWYT8MSI8NCIUYBH3WZQ9V2F72E09VTAHRXR7',4.29,2468,'a696d336-d3ad-437d-913c-4940df152a3a',280,'0bdf4295-148d-4b52-beae-566e4141131c','2024-03-08 12:41:42','2024-03-11 09:24:38'),('Reclining Camping Chair','Nike','Model123','Foldable reclining camping chair with cup holder.','B97ESPRZBFW9P8T0SOEHQQOL01018I6ON15667AKXUTT',49.99,2500,'dc8f4ab9-2051-4c5f-8070-e6a1b1b5f3b6',282,'0f5a93fd-9c74-429d-ae6f-6d8315c6ea3b','2024-03-08 17:49:42','2024-03-15 09:22:12'),('Multi-Functional Rice Cooker','Dell','EcoSmart A1','Electric rice cooker with multiple cooking settings for perfect rice.','HNJUISMGX2I7QOU41VTD8Z599DRJ87VQ9C1INAL2MQSDDLGM5I3OUO64694N',49.99,8540,'7317db2d-ac5f-4b30-9d46-765587af9d60',410,'12cb783b-09da-43fe-9b94-ce2c5c2b40fd','2024-03-08 20:41:54','2024-03-18 10:14:02'),('Chickpea Snack Mix','Nike','EcoSmart A1','Crunchy, seasoned chickpeas for a wholesome snack.','27VFRGVUKTJMHT5CYLY0WZWFC',3.49,3574,'05dde1e0-59cd-43f7-886d-ab5b75b9685f',293,'13bff34b-408b-4bb8-b618-9f974d1122fd','2024-03-08 18:44:17','2024-03-10 23:22:27'),('Sooji (Semolina)','Reebok','GalaxyLite N','Fine semolina flour, perfect for pasta and desserts.','XU1URAVQA7HH28357XAGZ5',1.99,7344,'9490485f-a86e-4fbd-8b2f-ccec0e44aacf',216,'14c001cb-c299-459a-adf0-2e8ff3e86a69','2024-03-08 15:59:01','2024-03-14 18:05:11'),('Dog Training Clicker','Adidas','Ultra Series X','Training tool for reinforcing commands and behavior in dogs.','6ZG7YS2YGJ46EDSIKK0ZMXKJICGWXBW8VLEWWIHJFW7V9EAZZHRN',5.99,1881,'05dde1e0-59cd-43f7-886d-ab5b75b9685f',102,'16483d2f-89b7-4266-8a26-35af221df23c','2024-03-08 17:47:47','2024-03-09 00:29:26'),('Hummus Trio Pack','LG','GalaxyLite N','A variety pack of classic, roasted red pepper, and garlic hummus.','R24TT7Q61OTAUYKU9PZLXL4A7905J5LIUN90VNDRZH',5.49,5837,'d9d32275-c6d4-48ee-bb9d-c1433c286fcc',436,'1ab8457d-96d4-45c5-9816-ebdff2eaf614','2024-03-08 18:29:21','2024-03-16 07:20:10'),('Vegetable Quinoa Bowl','Sony','Pixel Perfect Plus','A frozen meal featuring quinoa and mixed vegetables, ready to heat and eat.','GHVWZS0PUY27CA5WB84DJCDK5Q07Q2QOEQ9Y7FQDSAKP4L4',5.99,6287,'d9d32275-c6d4-48ee-bb9d-c1433c286fcc',67,'1bcfd2e0-024a-4656-b614-3e2f0ad0b15f','2024-03-08 17:05:34','2024-03-14 11:09:32'),('Pasta Maker','Samsung','Quantum Leap XR','Manual pasta maker for homemade pasta.','P7P9R8FTC3H0LOJXHB45TGEL7YANM6CW778WB93HA9UM7CERFKS991DTQ97R',39.00,1278,'a696d336-d3ad-437d-913c-4940df152a3a',329,'1bd4835c-20fe-4703-9826-9a96b64235e9','2024-03-08 11:49:00','2024-03-17 12:07:23'),('Camping Chair','Coca-Cola','Ultra Series X','Portable folding camping chair with cup holder.','8DKY2XY019PBMRWVL4WSTXQDP9C510J69U6R0MSGYJ8LTT0',29.99,3100,'d9d32275-c6d4-48ee-bb9d-c1433c286fcc',417,'1e526b9c-6902-4f9f-9a19-7ac8d0625f57','2024-03-08 15:26:25','2024-03-09 07:10:56'),('Craft Beer Mustard','Adidas','EcoSmart A1','Stone-ground mustard infused with craft beer for a gourmet touch.','6IAAOW3O',3.99,7718,'05dde1e0-59cd-43f7-886d-ab5b75b9685f',75,'1f957bf7-3f46-4a31-9192-32288d0173e4','2024-03-08 14:07:54','2024-03-17 12:28:20'),('Training Soccer Ball','Pepsi','Nano Edge 5G','Durable training soccer ball for practice.','XQP9P4GSFSRJV188VK4B563BH',19.99,6684,'7317db2d-ac5f-4b30-9d46-765587af9d60',265,'20039084-3521-4d4c-af1f-7daf75498b6e','2024-03-08 13:37:08','2024-03-12 11:49:00'),('Wooden Puzzle Game','Sony','Model123','Classic wooden puzzle game for kids and adults.','TVQP01IEZU8VONTZL2425UYFI55LKZJXFDFT7RIJ99USOBDQCP5',14.99,8347,'dc8f4ab9-2051-4c5f-8070-e6a1b1b5f3b6',383,'208ce230-1ab1-4464-8615-52c304101337','2024-03-08 19:51:16','2024-03-13 07:50:22'),('Adjustable Resistance Bands','Apple','Quantum Leap XR','Set of resistance bands for versatile strength training workouts.','F5R6TFDH6JD8BSF2YO4U9CRVJUVLCV7UZ4N65UE6LSJURH430SQ5XSML1KCY',39.99,2714,'0281c6c0-356f-48b0-833d-1eed161c0c0d',41,'20a68d02-fb09-489e-bcef-5f1dc8390000','2024-03-08 11:35:24','2024-03-11 01:39:12'),('Sweet and Sour Sauce','Pepsi','EcoSmart A1','Perfect dipping sauce or stir-fry addition for a sweet and tangy flavor.','VF1TW60U8Y4IOKEDP2SZWUFNUP7D6PY5',2.79,1483,'d9d32275-c6d4-48ee-bb9d-c1433c286fcc',159,'2194fbe0-a024-43a0-b055-835582e7c43b','2024-03-08 13:50:10','2024-03-18 04:49:38'),('Coconut Chips','Dell','GalaxyLite N','Crunchy, toasted coconut chips for snacking.','SVIC0WBYF8UGERILEM6EMKV7OS',3.59,7054,'a696d336-d3ad-437d-913c-4940df152a3a',259,'21ecf26a-0e5e-45b5-b281-c4e4ea52d29a','2024-03-08 19:44:01','2024-03-14 17:36:30'),('Fitness Foam Roller','LG','EcoSmart A1','High-density foam roller for muscle recovery.','5SVZ6P7BMHX9DWII40PAYA1FDWU9TVHPRVE5MPDP05ME4QIWRO',29.99,4396,'a696d336-d3ad-437d-913c-4940df152a3a',456,'2b46810f-312a-4a4f-a7c9-b96194aee6fc','2024-03-08 20:09:14','2024-03-17 08:36:32'),('Mint Chocolate Chip Ice Cream','Under Armour','ProMax 11','Creamy ice cream with refreshing mint flavor and chocolate chips.','WTJNXELCL8RGUF',4.99,5934,'7317db2d-ac5f-4b30-9d46-765587af9d60',94,'316f1c22-e408-49b0-a2ba-506427f6b2ca','2024-03-08 11:47:24','2024-03-10 14:11:00'),('Air Fryer Oven','Coca-Cola','Vertex Dynamic','Versatile air fryer that also roasts, bakes, and broils.','Z1GPJ0RW6ZL5Y2CY6OXW0KU6I531BCZ10H6MDVKD7GOHIZDBWMK7IHGD03T3',149.99,5457,'0281c6c0-356f-48b0-833d-1eed161c0c0d',445,'32219137-500f-4d5b-b512-0542b254e5c8','2024-03-08 17:58:11','2024-03-16 17:41:42'),('Brazil Nuts','HP','Ultra Series X','Rich in selenium, perfect for snacking or baking.','F08AFZDYY93WOOC2S08M876WX4P6WVTQEWTGYMI2',10.99,9003,'a696d336-d3ad-437d-913c-4940df152a3a',460,'364ee5bd-1452-4499-9f07-eff59f4592b7','2024-03-08 19:16:43','2024-03-18 18:37:32'),('Tomatillo Salsa','Nike','GalaxyLite N','Tangy salsa made from tomatillos and peppers.','NNRIM8ZBI6BS7MC02Y8BPTV4MWTRCD1TCMFXL1TPZ2FN6SW6O963NZVG7XXQ',3.29,8544,'1169a0bf-2ad3-492f-8c22-5e068579b241',408,'3c006a53-8206-45d7-b38e-7087825c5df0','2024-03-08 14:43:26','2024-03-14 11:24:14'),('Pepperoni Pizza Roll-Ups','Coca-Cola','Vertex Dynamic','Savory pizza filled with pepperoni and cheese, ready to microwave.','RV5J6GVZKJ5R54DGXT28J2DLYGUZ9WRS82TNJ',5.99,4501,'0281c6c0-356f-48b0-833d-1eed161c0c0d',432,'40fc829b-a093-4b85-bf16-466d7d395207','2024-03-08 17:26:55','2024-03-10 10:42:31'),('Sour Cream','HP','EcoSmart A1','Tangy sour cream, perfect for dips and toppings.','0QL0VE4FO',3.49,810,'0281c6c0-356f-48b0-833d-1eed161c0c0d',470,'42f8391d-e5ca-47d5-958f-46ba56c9aaa3','2024-03-08 19:32:21','2024-03-13 23:34:16'),('Watercolor Brush Pens','Sony','Vertex Dynamic','Set of brush pens for colorful and creative painting.','Q8RZGPM7GR47W07WW',19.99,4316,'d9d32275-c6d4-48ee-bb9d-c1433c286fcc',252,'43427aa7-20f4-4c9c-b3d0-683e8476b461','2024-03-08 19:18:24','2024-03-17 15:06:08'),('Halloween Decoration Set','Coca-Cola','Model123','Fun decorations for Halloween to set a spooky atmosphere.','0F4KKI3KLP42S1T3UU7FC53DFS31GEZWQBNY5GBVDUNB0RRCTYOAP7R1JQTL',29.99,3405,'9490485f-a86e-4fbd-8b2f-ccec0e44aacf',58,'44420f0f-6267-465f-aac6-f10b0a281882','2024-03-08 15:24:33','2024-03-12 13:45:09'),('Biodegradable Trash Bags','Reebok','GalaxyLite N','Eco-friendly trash bags that break down naturally.','2KPCPTGJ',12.99,9686,'a696d336-d3ad-437d-913c-4940df152a3a',367,'44438ef3-94fb-440a-82b8-3ed189c95509','2024-03-08 13:15:31','2024-03-12 02:20:08'),('Cushion Covers','Adidas','GalaxyLite N','Set of decorative cushion covers for home decor.','UH039R7ADOAVD0D1ZLZ6RRGJQ8QMCA3VNZG0U0F',35.00,6376,'dc8f4ab9-2051-4c5f-8070-e6a1b1b5f3b6',379,'4606c440-c225-4596-91b9-7255b7f2de5a','2024-03-08 12:28:12','2024-03-13 14:36:22'),('Kids\' Craft Supplies Set','Sony','Nano Edge 5G','Variety pack of craft supplies for kids\' projects.','RAELIHRKLLKAZ8X',24.99,182,'df6ae42a-43f7-4e0c-ae9c-df5c38da9d7c',328,'49cbfb2d-b02a-4e14-9462-29fa4d0f6f54','2024-03-08 15:00:19','2024-03-17 00:11:10'),('Screen Cleaning Kit','Puma','Nano Edge 5G','Safe cleaning solution and tools for electronics screens.','XC9TOA5PQ9053L98R6N3QJ7EN9AEHXESNHGOE35D1XE4KIPNSVFQ1L7INLRB',15.99,953,'05dde1e0-59cd-43f7-886d-ab5b75b9685f',139,'4b6cb334-6bb5-4e26-8d0d-de1b5f6fcfaf','2024-03-08 13:19:15','2024-03-17 22:35:24'),('Portable Solar Generator','Dell','AlphaWave Z','Eco-friendly generator for outdoor adventures.','TKVBJWADS1SC52V5P261QRCJ1JYH196D70MEJMQ2NVD2T1HECSHM6CA',399.99,5746,'a696d336-d3ad-437d-913c-4940df152a3a',135,'4bd0049a-e390-4196-90c1-7444079513c0','2024-03-08 15:05:26','2024-03-10 01:39:17'),('Herbed Mushroom Risotto','Pepsi','Ultra Series X','Creamy risotto made with mushrooms and herbs, perfect as a side dish or main course.','6YO24J33KCQ34VU4WGZJER8Y719JJJ0XQD3J2014WRONYI1AYFPR8QR1YAWO',5.49,3525,'0281c6c0-356f-48b0-833d-1eed161c0c0d',44,'4e326c9d-c177-46f7-8854-bc66037986e5','2024-03-08 15:10:12','2024-03-16 09:26:19'),('Essential Oil Diffuser','Lenovo','Model123','Ultrasonic diffuser that helps create a calming atmosphere.','UWKIHG9AIG6PUO9N3852WVD5OT6',34.99,7314,'0b890b91-6e39-4abd-b039-379502509c3c',190,'4f5e449a-3d78-4407-9713-69572b0286bb','2024-03-08 15:33:05','2024-03-13 02:57:15'),('Dried Apricots','Apple','Ultra Series X','Sweet, chewy dried apricots, great for snacking or baking.','C55L3TON8WDNMTM8V1W33KHTX8R2EASGG',3.79,2415,'05dde1e0-59cd-43f7-886d-ab5b75b9685f',410,'5395de99-36e3-4b6d-8028-d68fd5f29de7','2024-03-08 15:42:11','2024-03-12 11:14:55'),('Portable Camping Stove','Microsoft','EcoSmart A1','Compact camp stove for outdoor cooking.','79RG47EIGGPB4U3O66O5BWPC94OY6R1VYG8CJG66FIIQD62WZQHB5AWNQBUL',49.99,5602,'1169a0bf-2ad3-492f-8c22-5e068579b241',350,'54bd6d59-8ef5-4145-9512-81cdb9cf0af3','2024-03-08 15:17:48','2024-03-12 00:25:05'),('Mediterranean Flatbread','Pepsi','Model123','Artisan bread topped with olives, feta, and herbs, perfect for sharing.','NZ4CVU8T4UYLVC61AEOH544UL0AQO7AGUO32LVA7SJVFZSLQQ7VKP7Z1KF0J',3.50,7347,'7317db2d-ac5f-4b30-9d46-765587af9d60',205,'55362585-2f30-4925-8e36-4b7398c4c916','2024-03-08 12:33:40','2024-03-13 20:44:47'),('Organic Quinoa','Nike','Nano Edge 5G','Nutritious organic quinoa for salads or sides','YVUJ61IKTYSWXE85W7Z6SYI1HEMS1A7QAIRJO9907LO2',4.29,6713,'9490485f-a86e-4fbd-8b2f-ccec0e44aacf',154,'55b00f82-cb54-4b66-aae2-f63b1bfff4c2','2024-03-08 17:32:45','2024-03-17 19:48:01'),('Pork Tenderloin','Nike','GalaxyLite N','Juicy pork tenderloin, great for roasting.','A2WC588SXZL5T3D95NJIW0RFMVM4AAS2MQAG2FSPRURM9PX6ZPW4WOUWUG3R',10.99,471,'a696d336-d3ad-437d-913c-4940df152a3a',37,'602187c8-f0a0-4a57-8f3d-8c67be647bb6','2024-03-08 16:46:52','2024-03-09 10:56:00'),('Frozen Chicken Nuggets','Reebok','Ultra Series X','Crispy chicken nuggets for quick meals.','HU40RC2P7F9BHD1WOD93O25K90UDSJYOOJ0S1W',4.49,8960,'a696d336-d3ad-437d-913c-4940df152a3a',151,'60be7c24-fb11-4ddf-ae5b-1365bfa830cf','2024-03-08 18:12:12','2024-03-14 05:10:42'),('Peanut Butter Pretzel Bites','Apple','AlphaWave Z','Crunchy pretzel bites filled with peanut butter','F9',4.19,4830,'d9d32275-c6d4-48ee-bb9d-c1433c286fcc',211,'61f414be-6a96-4049-a569-2a0630e571a5','2024-03-08 20:32:43','2024-03-09 13:32:43'),('Wireless Gaming Mouse','Puma','Ultra Series X','Ergonomic mouse designed for gamers with high DPI.','AMKV0POM4HLD0GA9QUUMEBME6HGE37EZP2G',39.99,1270,'1169a0bf-2ad3-492f-8c22-5e068579b241',418,'62e3a678-779a-40f8-8365-a5ae2f4618bb','2024-03-08 12:49:13','2024-03-10 17:32:32'),('Vintage Graphic Tee','Sony','Nano Edge 5G','Retro-style graphic tee with a soft wash for a vintage feel.','2UPL4YEQFLVFMO30ES0W6JH9JPR',25.99,6145,'7317db2d-ac5f-4b30-9d46-765587af9d60',422,'64f505b4-97f6-46dd-b1d7-d81a0176a28c','2024-03-08 19:12:13','2024-03-09 21:07:58'),('Graphic Print Leggings','Puma','Model123','Trendy leggings with a unique graphic print, versatile for workouts and casual wear.','6AXU5AMYCYRKU236K38NPT64NP3JE389KOXJHR44E',29.99,3422,'a696d336-d3ad-437d-913c-4940df152a3a',414,'6ceda465-0a55-4955-b307-fd8fa3faf823','2024-03-08 16:22:56','2024-03-15 09:03:43'),('Portable Water Filter','Reebok','Nano Edge 5G','Lightweight water filter for outdoor adventures.','R097XZMZGQA4FVZZ5F9URRHW5JD2O560VHZ6ML8BUFI3M4J52PWVCA5KYIJN',29.99,5665,'0281c6c0-356f-48b0-833d-1eed161c0c0d',49,'6dd916e5-7bc3-4d63-8981-f5685a1d25fa','2024-03-08 13:07:33','2024-03-11 18:32:52'),('Chocolate Coconut Granola','Samsung','Nano Edge 5G','Crunchy granola with chocolate and coconut, great for breakfast or snacks.','0DRCHCM7UD7VWJQ0HE5CDGA1LUF7EU3O8K2O1DV91HLH81V8NU',3.79,3790,'05dde1e0-59cd-43f7-886d-ab5b75b9685f',378,'78f409ab-74ca-49ee-bdeb-11365b689e98','2024-03-08 12:17:59','2024-03-16 02:51:15'),('Handheld Garment Steamer','HP','GalaxyLite N','Quick and easy way to remove wrinkles from clothes.','BB36TUHZ21WCY05DEB7H6WGXSIP111QZJUTW3E2C1O6LOWU9U1YYDNXR3TLW',34.99,281,'dc8f4ab9-2051-4c5f-8070-e6a1b1b5f3b6',182,'7a2c5c88-fcca-46aa-a2db-ca74784e7549','2024-03-08 16:16:22','2024-03-12 10:14:14'),('Mechanical Keyboard','Apple','EcoSmart A1','High-performance mechanical keyboard with customizable RGB.','LSFP14UPLRYF4CPLOS3DN2YTEQ1P1L2QPX4VIIF405OCHH27U1T',99.99,6991,'df6ae42a-43f7-4e0c-ae9c-df5c38da9d7c',14,'808b1c93-018c-46bb-9cb8-848513d550e6','2024-03-08 12:00:29','2024-03-14 09:58:03'),('Pork Chops','Samsung','Model123','Tender and juicy pork chops, perfect on the grill.','8YSWLB79EGTP95FPXDBNSU0YCTJ639I3AH5KBTT8KF8B0N2L7I4YMW7IPHY4',9.49,7818,'7317db2d-ac5f-4b30-9d46-765587af9d60',257,'8508df61-661a-44c3-8a0c-9f46fa02bb6f','2024-03-08 14:49:51','2024-03-17 19:12:24'),('Organic Coconut Water','Sony','Ultra Series X','Refreshing coconut water packed with electrolytes for hydration.','SY8IQ5B0QQJ7Q46AXHTB6OUBMEVTQT3VQCV7VQKHSDXN5ZZZQ01CZ08Q33VN',2.79,1287,'d9d32275-c6d4-48ee-bb9d-c1433c286fcc',374,'85d80f9d-ac18-4832-999b-1e65b88d27d7','2024-03-08 12:59:54','2024-03-17 20:48:00'),('Portable SSD','Lenovo','Nano Edge 5G','Fast and compact external solid state drive, 1TB.','O7GVIRGY1BNCOXE5MNQMRBIJ8M5I7Q5X55F5ZDCMKCXB',129.99,6704,'0b890b91-6e39-4abd-b039-379502509c3c',438,'86cd81e2-da6d-4dd7-89c1-048801e1cf62','2024-03-08 18:54:24','2024-03-13 20:03:47'),('Bicycle Repair Kit','LG','Nano Edge 5G','Essential tools for on-the-go bike maintenance.','WFQY5LQZ34LWJW80OD181E9CEDY8RR45D6TF3APVNZKZO5EVV4JRVJ7I5H5I',14.99,1444,'0281c6c0-356f-48b0-833d-1eed161c0c0d',264,'8b0ef37b-369b-4100-bfcf-42750f47b3f0','2024-03-08 19:04:10','2024-03-10 10:48:04'),('Almond Butter','Adidas','AlphaWave Z','Creamy almond butter made from roasted almonds.','I9H7Z4R4UHLF69EEDOKHVQZ79T3MFIU1P33SXD4GDGG77A6TKTT6JY0BNKGO',6.49,1934,'1169a0bf-2ad3-492f-8c22-5e068579b241',125,'8c1ddea4-24bf-41df-ac6e-a17a5f26c538','2024-03-08 16:09:46','2024-03-10 20:42:56'),('Zesty Garlic Marinade','Nike','EcoSmart A1','A tangy marinade for meats and veggies, packed with garlic flavor.','M0S5BOIOC3GO8U8FKFEWELFL5QZ4EGNKL16E98IUUC0NZU98PLHWYUGYDG00',4.49,8440,'7317db2d-ac5f-4b30-9d46-765587af9d60',298,'8d98774f-d89f-471c-84d4-fde4b044fb95','2024-03-08 15:49:21','2024-03-14 10:36:47'),('Thai Peanut Noodles','Pepsi','Nano Edge 5G','Noodles tossed in a spicy Thai peanut sauce.','I3OZSAOQOFKPXUIT0PBOYJ51PKXST1IKFZJ4ZLEG47DN8U9L12WH2SWHV9QL',4.99,748,'d9d32275-c6d4-48ee-bb9d-c1433c286fcc',49,'8ffae6b6-3fe7-4236-9b02-7194d82c3956','2024-03-08 11:14:35','2024-03-10 20:08:54'),('Maple Oatmeal','Pepsi','Ultra Series X','Delicious maple-flavored oatmeal for a quick breakfast.','ZSTMDZJVICI847NEUVX3BWW09PHMC2K33JM5JVW51ZDQJXVIBIU6LX8CYOV1',2.99,536,'1169a0bf-2ad3-492f-8c22-5e068579b241',434,'92a3ee72-59bb-4d72-b23c-2fd285b09a1f','2024-03-08 11:51:06','2024-03-12 11:28:37'),('Savory Italian Herbs','Puma','Pixel Perfect Plus','A blend of dried Italian herbs for cooking.','R3TQTZRKVFZEH4ZGVVTGUYFHBMXGGQ3BLJ00R81CJVE2FT9G83CBRELHQY',2.99,4751,'dc8f4ab9-2051-4c5f-8070-e6a1b1b5f3b6',127,'92ea325a-df6b-4f96-b606-7d3e42b455be','2024-03-08 13:23:35','2024-03-17 21:12:47'),('Kale Salad Kit','Microsoft','Vertex Dynamic','Ready-to-eat salad with kale, lemon, and cheese.','K27JAEY6WZY1J3CSE14GN8UIE7J55BJ9NH4K11NX5DBYYD281SIYBN95418P',4.99,5124,'df6ae42a-43f7-4e0c-ae9c-df5c38da9d7c',225,'946d53b1-9315-4fd3-ad91-4f4fe3632633','2024-03-08 16:13:33','2024-03-10 17:17:51'),('Kids\' Trampoline','Lenovo','EcoSmart A1','Safe and fun trampoline for children.','2ZS6HLFQ9ZAVFQO2RHYINDWZ8LRIROBDM5NF92FUSOT0IACU4RGKLF9K9GSR',139.99,8859,'05dde1e0-59cd-43f7-886d-ab5b75b9685f',322,'9869216d-7543-4217-b14f-001e92ae0a26','2024-03-08 11:31:27','2024-03-13 02:42:23'),('Surimi Crab Sticks','Sony','ProMax 11','Synthetic crab meat sticks, great for salads and sushi.','4U5YE744XDZVC6WXGIK8QWJJ97HE9TIRJ8PLNOB32JON020CH8L4VQ1VK3L5',4.19,3622,'9490485f-a86e-4fbd-8b2f-ccec0e44aacf',120,'99b4ea81-cf51-48fa-a07f-5754f3f411a6','2024-03-08 17:16:28','2024-03-16 03:25:00'),('Dill Pickle Chips','Puma','GalaxyLite N','Crispy dill pickles that are perfect for snacking or sandwiches.','7V1TMCP2',2.29,3734,'1169a0bf-2ad3-492f-8c22-5e068579b241',79,'a0d194f2-b450-40d1-8deb-2158f40234b0','2024-03-08 20:01:14','2024-03-16 12:20:14'),('Portable Camping Shower','Microsoft','ProMax 11','Convenient shower system for camping and outdoor activities.','1THCHXR44ZB5ZKZL1QAPC0AQ78TGNFF',39.99,2971,'0b890b91-6e39-4abd-b039-379502509c3c',189,'a3e81abd-1c21-4874-bd49-d6d1aa5cce7a','2024-03-08 13:57:43','2024-03-13 11:15:54'),('Educational STEM Kit','Adidas','Vertex Dynamic','Hands-on experience with science and engineering projects.','FYPIWGJSUK6HQ8N9LYKIU7O793NIWH32G8JZEG7GU83SAAS3ND02SEEG321L',35.99,6217,'0b890b91-6e39-4abd-b039-379502509c3c',164,'a54819df-bad0-4291-bbc0-a9c0340dfa51','2024-03-08 17:50:46','2024-03-11 15:18:24'),('Italian Sausage and Peppers','Pepsi','Nano Edge 5G','A flavorful blend of Italian sausage with sautéed peppers and onions.','VP421O0EXO4L4XH03DCKPP7F08IIIXL3POQ6NW6Y5NCOUTSC8X5XUXWM237W',8.99,2799,'dc8f4ab9-2051-4c5f-8070-e6a1b1b5f3b6',154,'adf8dd42-f0dd-45fe-8089-2cf48cd828ec','2024-03-08 14:27:19','2024-03-11 22:14:54'),('Fresh Lemons','Reebok','Pixel Perfect Plus','Citrusy lemons perfect for drinks and cooking.','ONUZ8AHL1YT82P3IA3X0E78VXMFQF51H52WNRU9JWSE8OEH6VBR5RL8MZ4PA',0.75,6065,'1169a0bf-2ad3-492f-8c22-5e068579b241',377,'b1fddbb4-4eb1-4ad5-85a9-f47d41fb11a1','2024-03-08 16:50:41','2024-03-18 13:46:45'),('Stuffed Grape Leaves','Puma','Quantum Leap XR','Grape leaves stuffed with rice and herbs, ready to eat.','9A3PV6GV9777GE4RH3CO98KB7578EM5LE59F73C9TXVBICDMFWW0K8TL8QMO',5.79,1239,'dc8f4ab9-2051-4c5f-8070-e6a1b1b5f3b6',462,'b28034bf-6a22-4cde-8442-f81d4f5ce91b','2024-03-08 18:52:46','2024-03-18 05:13:35'),('Rechargeable Battery Organizer','Puma','Quantum Leap XR','Tidy storage solution for rechargeable batteries.','7XEHTJGDOEVJ5R74X2NACJOT1EMEXET3MI1NLD4TCS3FLB51YCLB9XHPKDF1',17.99,2208,'d9d32275-c6d4-48ee-bb9d-c1433c286fcc',248,'b56f6625-32d4-4cf8-bc83-62fb21ec7d8c','2024-03-08 18:20:05','2024-03-17 23:54:07'),('Portable Speaker Stand','Lenovo','GalaxyLite N','Adjustable stand for portable speakers and devices.','Z8UYMRH9QUIZFCP2EMSJU3WXZ7JOK9970FNXBOE1SJIC384QUZRLSJO0BAIE',39.99,2216,'0b890b91-6e39-4abd-b039-379502509c3c',148,'b932ef11-a0e9-412f-adf7-270cb9311fa5','2024-03-08 17:13:41','2024-03-14 11:10:41'),('Pumpkin Pancake Mix','Reebok','Pixel Perfect Plus','Easy-to-make pancake mix with pumpkin spice flavor.','704OS30UBN9126NYVFLEQ3WFZ5LQZIQADBAHVVMZZ0XL9XOTS4DSGKVP7A9N',4.19,2313,'df6ae42a-43f7-4e0c-ae9c-df5c38da9d7c',405,'bc3fc15a-9d33-46d0-ba44-a26e98962f05','2024-03-08 14:22:10','2024-03-16 21:25:18'),('Fitbit Activity Tracker','Puma','GalaxyLite N','Advanced wristband that tracks daily activities and sleep.','ML8XUW2UK7P470EPTTP3ETJM6EK1H934',99.99,5047,'dc8f4ab9-2051-4c5f-8070-e6a1b1b5f3b6',104,'bcaa18b5-ccac-416f-b336-fff0266069aa','2024-03-08 14:52:25','2024-03-18 13:33:08'),('Pet Camera with Treat Dispenser','Puma','AlphaWave Z','Monitor and interact with your pet remotely with this camera.','YZI59UHOK6HMXEGRL3LFADNMP3Z400N',149.99,9681,'0b890b91-6e39-4abd-b039-379502509c3c',184,'bd66c9e9-2c5a-488d-8d33-6dbd5279ef1d','2024-03-08 13:55:13','2024-03-16 09:38:52'),('Chocolate Fudge Ice Cream','Pepsi','Model123','Rich and creamy chocolate fudge ice cream for dessert.','JZJKKPUTR60DL',5.99,7920,'a696d336-d3ad-437d-913c-4940df152a3a',53,'bee5aced-b33b-4355-ae06-a34e69b96cb1','2024-03-08 14:01:52','2024-03-09 15:06:57'),('Pineapple Coconut Yogurt','Coca-Cola','Vertex Dynamic','Creamy yogurt blended with fresh pineapple and coconut pieces.','HEVNOOFN2UXXJN5JP6QX0GPJII6BRAKH5UC9BC51LAC7ASV1TA3UPT4',4.49,1844,'0b890b91-6e39-4abd-b039-379502509c3c',120,'c0b30ac9-1641-4193-acef-b05d70056fcc','2024-03-08 13:01:07','2024-03-10 05:22:46'),('Smart Air Purifier','Apple','GalaxyLite N','Filters allergens and pollutants from the air for a healthier home.','7E0P4WHQ27XR44DZSCIJTAOW72L',199.99,1408,'df6ae42a-43f7-4e0c-ae9c-df5c38da9d7c',44,'c28efd67-1158-4149-9157-ae407ae7bbff','2024-03-08 20:03:49','2024-03-17 05:12:38'),('Digital Food Thermometer','Adidas','ProMax 11','Instant-read thermometer for accurate cooking temperatures.','0YRRQ8LMU1X6JXOWOYXD0OHE4D7R1UE2A034N46IEZWDQIL6N95W4JT259',19.99,6391,'05dde1e0-59cd-43f7-886d-ab5b75b9685f',330,'c6acd09f-faed-49c4-a079-d6aae84cf754','2024-03-08 17:22:43','2024-03-11 04:48:11'),('Set of Herb Garden Markers','Pepsi','ProMax 11','Stylish markers for labeling your indoor garden plants.','I4H01HQHCDM8XWITX0PR8VYNHMTGECKS0VBFJQDDT6LL7EPY1FNUCLT35YCK',8.99,8990,'9490485f-a86e-4fbd-8b2f-ccec0e44aacf',168,'c7b23ef7-eb4a-4c25-9038-4bff1eed944b','2024-03-08 11:27:52','2024-03-16 17:16:36'),('Electric Skillet','Pepsi','EcoSmart A1','Versatile electric skillet for stir-frying and searing.','I0LI755FD6AAIAM51KHAI81TWO7OJO8QDP42B',49.99,4335,'0281c6c0-356f-48b0-833d-1eed161c0c0d',408,'c7b50c45-8e57-4c96-be83-ab3a49bfa890','2024-03-08 12:25:15','2024-03-14 12:30:44'),('Almond Flour Biscuits','Coca-Cola','GalaxyLite N','Gluten-free biscuits made with almond flour.','8NHIGQZ9G2CV047AXQHRZNPPPF36QQYR8PZ7R3E86U1XDNI',6.49,1309,'05dde1e0-59cd-43f7-886d-ab5b75b9685f',486,'cccc12d2-1074-4b5b-9b1e-bc6bd641c852','2024-03-08 16:00:43','2024-03-15 19:42:43'),('Maple Cinnamon Granola','Microsoft','Quantum Leap XR','Crunchy granola mixed with maple syrup and cinnamon, perfect for breakfast or snacks.','LHURNZ1MGCM6LIOL2KWZSUE7LJ9A5IJ3FVW84VPHB7Z29WL',4.29,8367,'9490485f-a86e-4fbd-8b2f-ccec0e44aacf',76,'d607a4d7-1e9e-4a69-89bd-4b3762337a11','2024-03-08 20:24:02','2024-03-11 22:19:38'),('Wireless Security Camera','Coca-Cola','ProMax 11','1080p wireless security camera with night vision.','A7JW2ZFN5UEJR',109.99,2208,'dc8f4ab9-2051-4c5f-8070-e6a1b1b5f3b6',122,'d9a02c70-5ff1-4cb2-9d57-3f3c28f67ec4','2024-03-08 11:44:56','2024-03-12 22:58:15'),('Garlic Parmesan Roasted Potatoes','Sony','EcoSmart A1','Oven-roasted potatoes tossed in garlic and parmesan cheese seasoning.','TGATPTTH9LHYX4P8T9N3B1C5UYPZZ3W8G9E33',3.99,5551,'7317db2d-ac5f-4b30-9d46-765587af9d60',349,'dc2baa88-8470-46f8-a81e-40d33934fcf4','2024-03-08 14:54:21','2024-03-10 03:55:22'),('Vegetable Lasagna','Puma','Vertex Dynamic','Layers of pasta, veggies, and cheese baked to perfection.','EXT3DPV8',6.99,2216,'dc8f4ab9-2051-4c5f-8070-e6a1b1b5f3b6',474,'dc6a9144-5985-4ea7-b21c-e20cb307082a','2024-03-08 16:41:36','2024-03-14 04:10:46'),('Smart Home Hub','Dell','ProMax 11','Connect and control smart devices from one app.','1RHA31JVTWSACA8SKBQ4O',99.99,4348,'df6ae42a-43f7-4e0c-ae9c-df5c38da9d7c',381,'dce1c646-0917-42c3-92ab-cc896223590e','2024-03-08 17:40:24','2024-03-10 15:27:23'),('Greek Feta Cheese','Dell','AlphaWave Z','Creamy and crumbly cheese for salads and dishes.','YTKF1WZZLSZ74YTLBZP4BND30JD639QO1OCBVJAS0JBCV0Q5Q2Q2MNFXR2DN',4.99,2832,'7317db2d-ac5f-4b30-9d46-765587af9d60',136,'e6bce245-73cf-42e7-a322-35662bdcfec8','2024-03-08 18:02:30','2024-03-09 01:29:38'),('Teriyaki Chicken Skewers','Under Armour','Ultra Series X','Grilled chicken skewers glazed with teriyaki sauce.','K0WZI27HXVB0YRF4D8Y4Z3O4NYKI9W015JXXRE0IPNKWNL9YVNJPOUXBNONU',8.99,1697,'9490485f-a86e-4fbd-8b2f-ccec0e44aacf',285,'e7ecf836-0f73-45f4-a74d-a62409598517','2024-03-08 19:40:52','2024-03-17 08:15:55'),('Fruit Medley Juice','Dell','EcoSmart A1','Refreshing juice blend made with various fresh fruits.','PRAPHOIDGQOSI2YQ20YG2X8SHVYLNU0C5UTPEULUNSLD8ABA0UL23T6B32PE',3.49,5705,'9490485f-a86e-4fbd-8b2f-ccec0e44aacf',476,'e7fe43f0-11e4-4064-954f-e807266982a4','2024-03-08 18:35:58','2024-03-13 12:19:24'),('Bamboo Charcoal Air Purifier Bags','Puma','GalaxyLite N','Natural air purifiers to absorb odors and moisture.','IOCNKTYVB2BGZKRDWTT1RTVW7JSZWVRKJ90X5MOU0G89X7ARR62TN0VR68YB',12.99,6020,'1169a0bf-2ad3-492f-8c22-5e068579b241',294,'ed8a0b77-e982-4e66-bf45-180666e79197','2024-03-08 18:32:08','2024-03-10 00:20:47'),('Wireless Gaming Headset','Adidas','Quantum Leap XR','Comfortable headset with surround sound for immersive gaming.','Z4UJ2MAC5RHKP0JBMUNYY33VVTS9TBJ2CMAN3O3IW0F',89.99,2954,'1169a0bf-2ad3-492f-8c22-5e068579b241',474,'efdaa4c1-1b10-485a-a2ee-98f2e7489198','2024-03-08 13:31:56','2024-03-15 10:15:23'),('Spicy Garlic Edamame','HP','Pixel Perfect Plus','Steamed edamame tossed in a spicy garlic sauce, great for snacking.','K5Y',3.99,9820,'7317db2d-ac5f-4b30-9d46-765587af9d60',86,'efe46897-990c-4b79-a8be-6922de24ef20','2024-03-08 16:44:40','2024-03-14 01:16:28'),('Roasted Red Pepper Dip','Microsoft','AlphaWave Z','A blend of roasted red peppers and spices, perfect for dipping.','6LTKBQXR06AZHGZVTQJ083BRUCPMU61Y2QWNJOO3OM857YAJ7T7LGRRM1',3.29,6399,'d9d32275-c6d4-48ee-bb9d-c1433c286fcc',268,'f15354fd-d39e-4e14-9e0d-bd143dce07b4','2024-03-08 16:31:44','2024-03-18 16:02:24'),('Adjustable Kneeling Pad','Apple','Model123','Comfortable kneeling pad for gardening or home projects.','K616V4G514EORCSVW6A9EUL7Z9XDZ0G31N5DFD0ZSOSXJOQ2AGI10FNE8QSC',18.99,8535,'9490485f-a86e-4fbd-8b2f-ccec0e44aacf',296,'f2b1c6d6-4bab-4a20-88e7-0bc16d59859c','2024-03-08 12:09:22','2024-03-12 12:24:19'),('Sweet Pea Hummus','Microsoft','AlphaWave Z','Creamy hummus made with sweet peas and tahini.','JTEF909KMI18CICT0KOY6J6O41VULGWFYZANHV',4.29,1462,'0281c6c0-356f-48b0-833d-1eed161c0c0d',443,'f3c5cdaf-7431-4021-af40-188e7912ae1b','2024-03-08 14:38:30','2024-03-10 09:27:16'),('Smartphone Photography Tripod','Coca-Cola','Quantum Leap XR','Lightweight tripod designed for smartphone photography.','0DT51MEQ4F2VEO4P04ZIEMH4FMFXU58GZGUX43V70DWCFUR8RNEITPRYP6EQ',29.99,1498,'df6ae42a-43f7-4e0c-ae9c-df5c38da9d7c',205,'f5087de2-e692-497c-99ac-96a6309a27bd','2024-03-08 16:59:48','2024-03-09 06:30:38'),('Caramel Sauce','Microsoft','AlphaWave Z','Rich sauce for desserts and ice cream.','7MMA7IE5H96ZRPITJ86PFDKN59NABKD78MVBEZRZ58L4PFW63I2M16Q8PAC3',3.49,4718,'0b890b91-6e39-4abd-b039-379502509c3c',61,'f9255186-a682-44f4-9fff-a0b914445b2f','2024-03-08 11:20:45','2024-03-13 02:04:19'),('Caribbean Jerk Marinade','Nike','GalaxyLite N','A spicy marinade perfect for chicken and fish.','L085JRTI9GA',3.79,8044,'df6ae42a-43f7-4e0c-ae9c-df5c38da9d7c',104,'fa558f96-9380-4dd4-a70f-4414973696fc','2024-03-08 12:57:51','2024-03-13 13:54:40'),('Ice Cream Scoop','Reebok','EcoSmart A1','Durable scoop for perfectly shaped ice cream servings.','GR147C6A',12.99,9950,'df6ae42a-43f7-4e0c-ae9c-df5c38da9d7c',477,'fb07ce4f-9759-4bb6-b7f0-d09559902cf7','2024-03-08 13:45:49','2024-03-15 09:12:23'),('Coconut Lime Rice','Lenovo','Vertex Dynamic','Flavorful rice mixed with coconut and lime, a tropical side dish.','7PVJKA4UWE8T',2.99,4406,'1169a0bf-2ad3-492f-8c22-5e068579b241',225,'fd1bfb89-727a-45de-a395-8e7bfe3d997c','2024-03-08 18:24:26','2024-03-12 16:20:52'),('LED Desk Lamp','LG','Ultra Series X','Dimmable LED desk lamp with USB charging port.','5H521ITC94L61H69D7UYW7868SK87GNTKKKOVESOVKPVBKM6HPSFJX0DT0CD',35.00,7732,'d9d32275-c6d4-48ee-bb9d-c1433c286fcc',189,'fde92ade-4c7e-4e66-87bb-5e1212b077ca','2024-03-08 14:16:29','2024-03-11 13:41:34');
/*!40000 ALTER TABLE `products` ENABLE KEYS */;
UNLOCK TABLES;

--
-- Table structure for table `supplier_product`
--

DROP TABLE IF EXISTS `supplier_product`;
/*!40101 SET @saved_cs_client     = @@character_set_client */;
/*!50503 SET character_set_client = utf8mb4 */;
CREATE TABLE `supplier_product` (
  `supplier_id` varchar(60) NOT NULL,
  `product_id` varchar(60) NOT NULL,
  PRIMARY KEY (`supplier_id`,`product_id`),
  UNIQUE KEY `uq_supplier_product` (`supplier_id`,`product_id`),
  KEY `product_id` (`product_id`),
  CONSTRAINT `supplier_product_ibfk_1` FOREIGN KEY (`supplier_id`) REFERENCES `suppliers` (`id`) ON DELETE RESTRICT,
  CONSTRAINT `supplier_product_ibfk_2` FOREIGN KEY (`product_id`) REFERENCES `products` (`id`) ON DELETE RESTRICT
) ENGINE=InnoDB DEFAULT CHARSET=utf8mb4 COLLATE=utf8mb4_0900_ai_ci;
/*!40101 SET character_set_client = @saved_cs_client */;

--
-- Dumping data for table `supplier_product`
--

LOCK TABLES `supplier_product` WRITE;
/*!40000 ALTER TABLE `supplier_product` DISABLE KEYS */;
INSERT INTO `supplier_product` VALUES ('1d14cc00-be5a-4ac6-83f6-ab136b6b7229','0bdf4295-148d-4b52-beae-566e4141131c'),('ef97b26d-a8d4-4a32-a181-b777b91533aa','0bdf4295-148d-4b52-beae-566e4141131c'),('bb09d3c0-b882-4e89-b43e-5a1b9dd223b2','1bd4835c-20fe-4703-9826-9a96b64235e9'),('43bcfecc-2b72-42f8-bb09-c923780ccf8e','20a68d02-fb09-489e-bcef-5f1dc8390000'),('4be7437a-f892-4a1b-ab2e-a3474e5b9974','20a68d02-fb09-489e-bcef-5f1dc8390000'),('ef2cc5ea-a354-4fd8-b513-245975ec1a07','20a68d02-fb09-489e-bcef-5f1dc8390000'),('2cbd8cd4-bb30-4cd9-a8b6-567d0cecadaa','316f1c22-e408-49b0-a2ba-506427f6b2ca'),('3bd5d4ec-523b-48c0-a1fb-d22dc0f103e4','316f1c22-e408-49b0-a2ba-506427f6b2ca'),('4b0816f0-62d6-4851-a018-6ae0f4002e41','316f1c22-e408-49b0-a2ba-506427f6b2ca'),('96708a44-29d6-4790-9136-a98c74fdb0cc','316f1c22-e408-49b0-a2ba-506427f6b2ca'),('a3ecb657-6091-46bd-a6ce-55cd97a591c9','316f1c22-e408-49b0-a2ba-506427f6b2ca'),('ae1f11c7-7f3f-42a5-9a0f-6110152854ed','316f1c22-e408-49b0-a2ba-506427f6b2ca'),('eb073618-7fc9-454b-8437-193656b5250c','316f1c22-e408-49b0-a2ba-506427f6b2ca'),('05eaf96d-cc52-40c1-b226-f101141a71d4','4606c440-c225-4596-91b9-7255b7f2de5a'),('e2069fe0-f1e1-472a-ab84-600da202d088','4606c440-c225-4596-91b9-7255b7f2de5a'),('071dc2aa-66c0-41db-a0d8-cb7efbee60e3','55362585-2f30-4925-8e36-4b7398c4c916'),('106c43ba-e59a-4105-8504-82527b52f97a','55362585-2f30-4925-8e36-4b7398c4c916'),('2654b14e-4423-4933-910d-3601c6082ced','55362585-2f30-4925-8e36-4b7398c4c916'),('631eae67-1705-4731-8f02-a970d555c3af','55362585-2f30-4925-8e36-4b7398c4c916'),('7e619bc2-9ef9-49d8-ab94-409c568a68e1','55362585-2f30-4925-8e36-4b7398c4c916'),('8bb9dd20-222b-414b-bac8-32fc4c10bda6','55362585-2f30-4925-8e36-4b7398c4c916'),('a703cb4a-6cdf-4700-82a0-b2f2029832f9','55362585-2f30-4925-8e36-4b7398c4c916'),('adde424a-64f2-4e9b-8e4d-07c66ae0787e','55362585-2f30-4925-8e36-4b7398c4c916'),('f613ce95-f751-4ad7-9ba6-f95520d0a715','55362585-2f30-4925-8e36-4b7398c4c916'),('fc3dd485-b3cb-4cf7-99e3-c707c535e655','55362585-2f30-4925-8e36-4b7398c4c916'),('0b3f4c92-cf2c-46a5-87c2-ca61e39780eb','78f409ab-74ca-49ee-bdeb-11365b689e98'),('16b60866-39f3-4e7a-8972-71f527568e8a','78f409ab-74ca-49ee-bdeb-11365b689e98'),('83a3a3d4-c815-497b-a1fb-af8e738e2e6b','78f409ab-74ca-49ee-bdeb-11365b689e98'),('c0c011de-7cbd-4ce6-91bb-b60a6f753452','78f409ab-74ca-49ee-bdeb-11365b689e98'),('dabe5f4b-ace2-4d90-8c9a-0183b4633fa0','78f409ab-74ca-49ee-bdeb-11365b689e98'),('e5731eb6-da62-4435-8287-48c530f80597','78f409ab-74ca-49ee-bdeb-11365b689e98'),('e61997b6-8e4b-476c-b940-9ceb855f8b29','78f409ab-74ca-49ee-bdeb-11365b689e98'),('e66e6fa5-19a2-44e2-9b60-678a150456db','78f409ab-74ca-49ee-bdeb-11365b689e98'),('f838ced9-7dad-4387-b3f4-9177257f272d','78f409ab-74ca-49ee-bdeb-11365b689e98'),('05236c1b-7507-405b-a5c3-df4d62d714fc','808b1c93-018c-46bb-9cb8-848513d550e6'),('1074f8a2-82b8-4d51-9501-76d8a2b5612e','808b1c93-018c-46bb-9cb8-848513d550e6'),('620c46aa-8f80-470f-b79e-941c58d0838a','808b1c93-018c-46bb-9cb8-848513d550e6'),('684c2c32-5e9c-4924-8f48-0a17a4c49615','808b1c93-018c-46bb-9cb8-848513d550e6'),('6c881f7c-0ef9-49fd-b15c-4479cafb6742','808b1c93-018c-46bb-9cb8-848513d550e6'),('c70905bf-4fce-4afa-9d0f-dff40d9ee549','808b1c93-018c-46bb-9cb8-848513d550e6'),('cb8571e2-a865-436e-bc0b-493271b18971','808b1c93-018c-46bb-9cb8-848513d550e6'),('da7f4319-aa27-4c46-8224-ff9be4881619','808b1c93-018c-46bb-9cb8-848513d550e6'),('f6170211-e8cd-44c9-967e-0a2e9fb19abb','808b1c93-018c-46bb-9cb8-848513d550e6'),('052dc8bf-d40b-4771-94a5-f8cafaee3812','8ffae6b6-3fe7-4236-9b02-7194d82c3956'),('0871401a-dbc0-49b7-aa36-926a061a7b3d','8ffae6b6-3fe7-4236-9b02-7194d82c3956'),('1442bbd9-5190-4fbb-a4f5-66f48c6e904b','8ffae6b6-3fe7-4236-9b02-7194d82c3956'),('238e4e7c-d0a1-4b71-94d0-224d6c64d40e','8ffae6b6-3fe7-4236-9b02-7194d82c3956'),('68b1acf0-3068-4412-895e-05f7724ce963','8ffae6b6-3fe7-4236-9b02-7194d82c3956'),('707f5d91-e5aa-4393-b817-6a919d3ed37c','8ffae6b6-3fe7-4236-9b02-7194d82c3956'),('8c236fd5-8088-4856-aa3a-fc09987f446a','8ffae6b6-3fe7-4236-9b02-7194d82c3956'),('8e138d39-8af8-46a4-92a6-6886faff7b8b','8ffae6b6-3fe7-4236-9b02-7194d82c3956'),('b5ccfcf2-8a1c-4764-95ac-6a5e192337d1','8ffae6b6-3fe7-4236-9b02-7194d82c3956'),('c5d314c2-81d8-49f6-a2b6-f2af7a50d3f2','8ffae6b6-3fe7-4236-9b02-7194d82c3956'),('29b5c4d6-3886-48cb-9f9c-7cac53cde772','92a3ee72-59bb-4d72-b23c-2fd285b09a1f'),('3fbb79fc-4d54-4ca3-8d96-9549539f5303','92a3ee72-59bb-4d72-b23c-2fd285b09a1f'),('69fa7e8f-7da8-455b-9f13-770a972f3835','92a3ee72-59bb-4d72-b23c-2fd285b09a1f'),('750b896c-eb9d-4faa-8a83-e4064b61784a','92a3ee72-59bb-4d72-b23c-2fd285b09a1f'),('8e6fe2c9-5a8c-4bc3-96ff-c74c99ff185a','92a3ee72-59bb-4d72-b23c-2fd285b09a1f'),('97cbcdd7-8863-4eb4-96f8-86b93691438b','92a3ee72-59bb-4d72-b23c-2fd285b09a1f'),('c4e0d65f-aed1-4d46-820b-b0d2cd5463c4','92a3ee72-59bb-4d72-b23c-2fd285b09a1f'),('da227279-4bb4-47de-8e41-d36bfbfa955d','92a3ee72-59bb-4d72-b23c-2fd285b09a1f'),('6a0e748a-290d-4b65-84d2-aec8cf53b76b','9869216d-7543-4217-b14f-001e92ae0a26'),('a490281f-e679-47a9-975d-d1113f3462dc','9869216d-7543-4217-b14f-001e92ae0a26'),('ee8686dc-a8d5-4b99-aeda-faee1ada61d6','9869216d-7543-4217-b14f-001e92ae0a26'),('effccc2b-4d6f-411b-9a2c-09c67b926c7e','9869216d-7543-4217-b14f-001e92ae0a26'),('01979d15-370a-479b-acac-0b3b8fae071c','c7b23ef7-eb4a-4c25-9038-4bff1eed944b'),('0f175858-54da-4336-b606-087d988a22fd','c7b23ef7-eb4a-4c25-9038-4bff1eed944b'),('0fcb33df-1b32-4dba-bd9a-c44322917239','c7b23ef7-eb4a-4c25-9038-4bff1eed944b'),('2762ac65-f3a9-4ee5-8f69-0268dc366b15','c7b23ef7-eb4a-4c25-9038-4bff1eed944b'),('391788ed-3dce-4b9d-b9c7-24054cdc55ae','c7b23ef7-eb4a-4c25-9038-4bff1eed944b'),('b2820aa6-33ca-4e3d-98c8-8d55bee2e54d','c7b23ef7-eb4a-4c25-9038-4bff1eed944b'),('c556e1d1-387c-40b5-8f77-4e3e26554736','c7b23ef7-eb4a-4c25-9038-4bff1eed944b'),('d4a540a0-eec1-44bc-aff0-da379b9786c1','c7b23ef7-eb4a-4c25-9038-4bff1eed944b'),('d57193be-1cef-4032-8bbe-bc18b70f61ef','c7b23ef7-eb4a-4c25-9038-4bff1eed944b'),('f7da232c-0917-49fd-8538-b221afbd1547','c7b23ef7-eb4a-4c25-9038-4bff1eed944b'),('0bcdbe43-9ef9-4faa-a54c-60b710b00c00','c7b50c45-8e57-4c96-be83-ab3a49bfa890'),('2db1cd3d-311a-4c3a-bd00-4a4d1a13be96','c7b50c45-8e57-4c96-be83-ab3a49bfa890'),('4c1f5227-fc36-4179-aa6a-e316abcd55fe','c7b50c45-8e57-4c96-be83-ab3a49bfa890'),('92f96983-a20c-4aab-88ef-cb302a3f651e','c7b50c45-8e57-4c96-be83-ab3a49bfa890'),('9f1f9246-f63e-402f-bf72-283adf9076ea','c7b50c45-8e57-4c96-be83-ab3a49bfa890'),('ab4d24e6-4a8f-41a0-bfd9-766ed8d20290','c7b50c45-8e57-4c96-be83-ab3a49bfa890'),('d75edfe5-30d8-408e-af69-818bad509c56','c7b50c45-8e57-4c96-be83-ab3a49bfa890'),('d7a2a6e5-d3e4-4158-8725-aedd64b715ff','c7b50c45-8e57-4c96-be83-ab3a49bfa890'),('f5fda75f-8435-4718-8247-6fa22a924181','c7b50c45-8e57-4c96-be83-ab3a49bfa890'),('0b235638-f9dd-4c9a-b92b-058fc1c4401d','d9a02c70-5ff1-4cb2-9d57-3f3c28f67ec4'),('2dd74ea9-3ed1-4227-b535-bcf8ff5c3247','d9a02c70-5ff1-4cb2-9d57-3f3c28f67ec4'),('3176d951-b01f-484d-9dfb-5e2d78b6f2c9','d9a02c70-5ff1-4cb2-9d57-3f3c28f67ec4'),('3f961069-c237-43d9-9a80-7f54574270cb','d9a02c70-5ff1-4cb2-9d57-3f3c28f67ec4'),('0cfd34a3-6427-45a2-a60c-dffba96bba2d','f2b1c6d6-4bab-4a20-88e7-0bc16d59859c'),('2cbeb928-a02a-411e-a739-f405582594ab','f2b1c6d6-4bab-4a20-88e7-0bc16d59859c'),('5b0f6225-45c5-467f-b738-26d2c349858e','f2b1c6d6-4bab-4a20-88e7-0bc16d59859c'),('5bcdbf71-f80a-4089-b1ed-3a6460d49a5a','f2b1c6d6-4bab-4a20-88e7-0bc16d59859c'),('8d93b573-2241-429e-9827-32997af16934','f2b1c6d6-4bab-4a20-88e7-0bc16d59859c'),('b413afc9-21f8-4af3-b79b-4d4f414551cd','f2b1c6d6-4bab-4a20-88e7-0bc16d59859c'),('16d802ba-ac24-49a0-9cfd-0f07c9b218c7','f9255186-a682-44f4-9fff-a0b914445b2f'),('1a2fc28f-5054-4978-a469-c426998a8ceb','f9255186-a682-44f4-9fff-a0b914445b2f'),('220a54cf-77b4-41f5-b19e-2873b959b07a','f9255186-a682-44f4-9fff-a0b914445b2f'),('9258463e-d589-4b00-85ec-d2b5f7babf88','f9255186-a682-44f4-9fff-a0b914445b2f'),('a997b450-7e18-45bf-bc74-c15d6d48c49f','f9255186-a682-44f4-9fff-a0b914445b2f'),('c7fdd764-8fcf-47ef-95dd-18e71691569b','f9255186-a682-44f4-9fff-a0b914445b2f');
/*!40000 ALTER TABLE `supplier_product` ENABLE KEYS */;
UNLOCK TABLES;

--
-- Table structure for table `suppliers`
--

DROP TABLE IF EXISTS `suppliers`;
/*!40101 SET @saved_cs_client     = @@character_set_client */;
/*!50503 SET character_set_client = utf8mb4 */;
CREATE TABLE `suppliers` (
  `name` varchar(128) NOT NULL,
  `contact_person` varchar(128) DEFAULT NULL,
  `phone` varchar(60) NOT NULL,
  `email` varchar(60) DEFAULT NULL,
  `address` varchar(1024) DEFAULT NULL,
  `id` varchar(60) NOT NULL,
  `created_at` datetime DEFAULT NULL,
  `updated_at` datetime DEFAULT NULL,
  PRIMARY KEY (`id`),
  UNIQUE KEY `name` (`name`),
  UNIQUE KEY `email` (`email`)
) ENGINE=InnoDB DEFAULT CHARSET=utf8mb4 COLLATE=utf8mb4_0900_ai_ci;
/*!40101 SET character_set_client = @saved_cs_client */;

--
-- Dumping data for table `suppliers`
--

LOCK TABLES `suppliers` WRITE;
/*!40000 ALTER TABLE `suppliers` DISABLE KEYS */;
INSERT INTO `suppliers` VALUES ('Spectra Energy Partners, LP','Lindy de Juares','+34 756 281 0080','lindy.dejuares@mail.ru','Lamington Lane 1455, Barciela, A (Santo Andre), Galicia, Spain, 15688','01979d15-370a-479b-acac-0b3b8fae071c','2025-03-09 13:32:43','2025-03-09 13:32:43'),('Aradigm Corporation','Leoine Bryce','+54 730 873 0017','leoine.bryce@hotmail.com','Randolph Loop 12884, SAN PEDRO (ELEODORO LOBOS, DPTO. PRINGLES), San Luis, Argentina, 5722','05236c1b-7507-405b-a5c3-df4d62d714fc','2025-03-09 13:32:43','2025-03-09 13:32:43'),('Guggenheim Taxable Municipal Managed Duration Trst','Regina Rennock','+971 640 160 0096','regina.rennock@hotmail.co.uk','Venetian Lane 11595, Mirdif, United Arab Emirates, 41522 90029','052dc8bf-d40b-4771-94a5-f8cafaee3812','2025-03-09 13:32:43','2025-03-09 13:32:43'),('Eaton Vance Tax Advantaged Dividend Income Fund','Barrett Kowalski','+7 105 653 0004','barrett.kowalski@yahoo.com','Eaglemont Avenue 2155, Бурукан, Читинская Область, Russia, 673641','05eaf96d-cc52-40c1-b226-f101141a71d4','2025-03-09 13:32:43','2025-03-09 13:32:43'),('INTL FCStone Inc.','Gale Ilchuk','+91 465 018 0058','gale.ilchuk@gmail.com','Vassar Lane 14959, Bhardhara, Assam, India, 786183','071dc2aa-66c0-41db-a0d8-cb7efbee60e3','2025-03-09 13:32:43','2025-03-09 13:32:43'),('Gabelli Utility Trust (The)','Lanny Ethridge','+370 427 759 0014','lanny.ethridge@t-online.de','Mincey Loop 12868, Kaniūkų k., Vilniaus apskritis, Lithuania, 17001','0871401a-dbc0-49b7-aa36-926a061a7b3d','2025-03-09 13:32:43','2025-03-09 13:32:43'),('AAC Holdings, Inc.','Justin Richel','+46 214 419 0032','justin.richel@hotmail.com','Madeline Lane 2056, Stockholm, Stockholm, Sweden, 100 31','0b235638-f9dd-4c9a-b92b-058fc1c4401d','2025-03-09 13:32:43','2025-03-09 13:32:43'),('BankUnited, Inc.','Patrick Pettett','+43 926 166 0026','patrick.pettett@hotmail.com','Kingston Way 12748, Schwarzenbach, Niederösterreich, Austria, 3931','0b3f4c92-cf2c-46a5-87c2-ca61e39780eb','2025-03-09 13:32:43','2025-03-09 13:32:43'),('GGP Inc.','Evangeline Palle','+54 193 857 0061','evangeline.palle@aol.com','Turner Terrace 2970, LA FEDERICA, Santa Cruz, Argentina, 9301','0bcdbe43-9ef9-4faa-a54c-60b710b00c00','2025-03-09 13:32:43','2025-03-09 13:32:43'),('Total System Services, Inc.','Clywd Blanchet','+49 156 688 0033','clywd.blanchet@hotmail.com','Alandari Lane 2054, Lütetsburg, Niedersachsen, Germany, 26524','0cfd34a3-6427-45a2-a60c-dffba96bba2d','2025-03-09 13:32:43','2025-03-09 13:32:43'),('MOCON, Inc.','Tally Sylvester','+81 467 728 0005','tally.sylvester@live.com','Cristo Road 3494, Koebi, Tottori Ken, Japan, 689-4402','0f175858-54da-4336-b606-087d988a22fd','2025-03-09 13:32:43','2025-03-09 13:32:43'),('Waddell & Reed Financial, Inc.','Charles Epgrave','+82 010 537 0084','charles.epgrave@yahoo.com','Emily Avenue 4522, 양산시, 경상남도, South Korea, 50533','0fcb33df-1b32-4dba-bd9a-c44322917239','2025-03-09 13:32:43','2025-03-09 13:32:43'),('Mednax, Inc','Stanislas Esplin','+90 095 812 0056','stanislas.esplin@facebook.com','Redbud Lane 9605, Serince, Tokat, Turkey, 60900','106c43ba-e59a-4105-8504-82527b52f97a','2025-03-09 13:32:43','2025-03-09 13:32:43'),('Goldman Sachs MLP Income Opportunities Fund','Giovanni Lindsey','+46 814 244 0005','giovanni.lindsey@yahoo.com','Brennan Court 4351, Floby, Västra Götaland, Sweden, 521 56','1074f8a2-82b8-4d51-9501-76d8a2b5612e','2025-03-09 13:32:43','2025-03-09 13:32:43'),('Tribune Media Company','Gates Gallear','+40 286 654 0003','gates.gallear@gmail.com','Hensley Avenue 12384, Mediaş, Sibiu, Romania, 551017','1442bbd9-5190-4fbb-a4f5-66f48c6e904b','2025-03-09 13:32:43','2025-03-09 13:32:43'),('Twenty-First Century Fox, Inc.','Jackquelin Jaze','+91 649 138 0038','jackquelin.jaze@hotmail.com','Cristo Road 7333, Haravu, Karnataka, India, 571427','16b60866-39f3-4e7a-8972-71f527568e8a','2025-03-09 13:32:43','2025-03-09 13:32:43'),('CVD Equipment Corporation','Dallis Vigietti','+39 307 674 0080','dallis.vigietti@gmail.com','Whitetail Avenue 5119, Stifone, Umbria, Italy, 05035','16d802ba-ac24-49a0-9cfd-0f07c9b218c7','2025-03-09 13:32:43','2025-03-09 13:32:43'),('Gamco Investors, Inc.','Neill Piatek','+971 858 356 0054','neill.piatek@hotmail.com','Sagamore Street 5230, Mirdif, United Arab Emirates, 40481 91068','1a2fc28f-5054-4978-a469-c426998a8ceb','2025-03-09 13:32:43','2025-03-09 13:32:43'),('Wolverine World Wide, Inc.','Riva Hubane','+48 477 470 0033','riva.hubane@gmail.com','Skeen Street 12885, Bendorzyn, Mazovia, Poland, 09-215','1d14cc00-be5a-4ac6-83f6-ab136b6b7229','2025-03-09 13:32:43','2025-03-09 13:32:43'),('National Oilwell Varco, Inc.','Odelia Valance','+40 071 622 0016','odelia.valance@mail.ru','Rialto Road 5450, Burdea, Argeş, Romania, 117191','220a54cf-77b4-41f5-b19e-2873b959b07a','2025-03-09 13:32:43','2025-03-09 13:32:43'),('National Security Group, Inc.','Nikki Evens','+40 082 736 0097','nikki.evens@msn.com','Auster Avenue 9735, Bucureşti 4, Bucureşti, Romania, 030984','238e4e7c-d0a1-4b71-94d0-224d6c64d40e','2025-03-09 13:32:43','2025-03-09 13:32:43'),('Magellan Health, Inc.','Nellie Gurery','+43 265 592 0082','nellie.gurery@gmail.com','Palm Crest Way 14791, Laabach, Niederösterreich, Austria, 2572','2654b14e-4423-4933-910d-3601c6082ced','2025-03-09 13:32:43','2025-03-09 13:32:43'),('Madrigal Pharmaceuticals, Inc.','Smith Mathieu','+65 884 767 0018','smith.mathieu@live.com','Caribe Drive 14901, Changi Coast Road, Singapore, 499804','2762ac65-f3a9-4ee5-8f69-0268dc366b15','2025-03-09 13:32:43','2025-03-09 13:32:43'),('Bio-Path Holdings, Inc.','Josselyn Synke','+49 726 793 0079','josselyn.synke@yahoo.fr','Pam Place 10036, STRABAG Property and Facility Services GmbH, Hessen, Germany, 34111','29b5c4d6-3886-48cb-9f9c-7cac53cde772','2025-03-09 13:32:43','2025-03-09 13:32:43'),('Provident Financial Holdings, Inc.','Merrily Mowson','+61 009 543 0080','merrily.mowson@frontiernet.net','Mauldin Place 7994, Clydebank, Victoria, Australia, 3851','2cbd8cd4-bb30-4cd9-a8b6-567d0cecadaa','2025-03-09 13:32:43','2025-03-09 13:32:43'),('Soleno Therapeutics, Inc.','Marla Landells','+380 484 371 0019','marla.landells@yahoo.com.br','Chesterfield Lane 13199, Волна (Олександрівська), Mykolaivska, Ukraine, 56013','2cbeb928-a02a-411e-a739-f405582594ab','2025-03-09 13:32:43','2025-03-09 13:32:43'),('United Rentals, Inc.','Gennifer Capelin','+65 273 416 0081','gennifer.capelin@ntlworld.com','Morley Avenue 11431, Nassim Road, Singapore, 258434','2db1cd3d-311a-4c3a-bd00-4a4d1a13be96','2025-03-09 13:32:43','2025-03-09 13:32:43'),('The Obesity ETF','Reine Lakenton','+7 768 201 0073','reine.lakenton@cox.net','Gullberry Place 5736, Бор 6, Нижегородская Область, Russia, 606446','2dd74ea9-3ed1-4227-b535-bcf8ff5c3247','2025-03-09 13:32:43','2025-03-09 13:32:43'),('TIM Participacoes S.A.','Marty Goosey','+48 153 475 0019','marty.goosey@hotmail.com','Burleigh Place 5840, Wrocław, Lower Silesia, Poland, 53-651','3176d951-b01f-484d-9dfb-5e2d78b6f2c9','2025-03-09 13:32:43','2025-03-09 13:32:43'),('VASCO Data Security International, Inc.','Ranee Lamden','+40 227 206 0064','ranee.lamden@aol.com','Vine Avenue 11051, Bucureşti 74, Bucureşti, Romania, 062092','391788ed-3dce-4b9d-b9c7-24054cdc55ae','2025-03-09 13:32:43','2025-03-09 13:32:43'),('Psychemedics Corporation','Alexandros Hasely','+91 817 392 0012','alexandros.hasely@gmail.com','Osmara Lane 5252, Kheduli, Rajasthan, India, 341511','3bd5d4ec-523b-48c0-a1fb-d22dc0f103e4','2025-03-09 13:32:43','2025-03-09 13:32:43'),('Pimco Municipal Income Fund II','Wade Wenzel','+54 506 124 0016','wade.wenzel@hotmail.com','Carmen Rene Way 11722, LA TRAMPA, Cordoba, Argentina, 5871','3f961069-c237-43d9-9a80-7f54574270cb','2025-03-09 13:32:43','2025-03-09 13:32:43'),('Barington/Hilco Acquisition Corp.','Annaliese Theml','+27 887 562 0047','annaliese.theml@yahoo.com','Conway Court 7494, East London, South Africa, 5241','3fbb79fc-4d54-4ca3-8d96-9549539f5303','2025-03-09 13:32:43','2025-03-09 13:32:43'),('Zumiez Inc.','Allix Bradmore','+33 357 734 0078','allix.bradmore@aol.com','Guerra Avenue 13583, Wissembourg, Grand Est, France, 67161 CEDEX','43bcfecc-2b72-42f8-bb09-c923780ccf8e','2025-03-09 13:32:43','2025-03-09 13:32:43'),('OMNOVA Solutions Inc.','L;urette Dowsett','+51 422 468 0081','lurette.dowsett@gmail.com','Chitty Chatty Run 11304, Pampa Nueva, Ancash, Peru, 02475','4b0816f0-62d6-4851-a018-6ae0f4002e41','2025-03-09 13:32:43','2025-03-09 13:32:43'),('Vident Core US Equity ETF','Kingsley Coppeard','+61 877 622 0018','kingsley.coppeard@gmail.com','Kimberly Street 652, Salisbury North Whites Road, South Australia, Australia, 5108','4be7437a-f892-4a1b-ab2e-a3474e5b9974','2025-03-09 13:32:43','2025-03-09 13:32:43'),('Citigroup Inc.','Elianora Rivalland','+46 563 494 0029','elianora.rivalland@hotmail.com','Vision Court 6126, Mockfjärd, Dalarna, Sweden, 785 04','4c1f5227-fc36-4179-aa6a-e316abcd55fe','2025-03-09 13:32:43','2025-03-09 13:32:43'),('Rent-A-Center Inc.','Eryn Wilder','+31 873 376 0059','eryn.wilder@yahoo.com','Lightbourne Way 3448, \'s-Hertogenbosch, North Brabant, Netherlands, 5231','5b0f6225-45c5-467f-b738-26d2c349858e','2025-03-09 13:32:43','2025-03-09 13:32:43'),('Service Corporation International','Josey Woodham','+380 963 995 0085','josey.woodham@hotmail.com','Abel Place 10881, Виїмка, Donetska, Ukraine, 84522','5bcdbf71-f80a-4089-b1ed-3a6460d49a5a','2025-03-09 13:32:43','2025-03-09 13:32:43'),('ONE Gas, Inc.','Lusa Gowthrop','+506 140 137 0089','lusa.gowthrop@gmail.com','Crowfield Avenue 12599, Sierpe, Provincia de Puntarenas, Costa Rica, 60503','620c46aa-8f80-470f-b79e-941c58d0838a','2025-03-09 13:32:43','2025-03-09 13:32:43'),('WisdomTree Germany Hedged Equity Fund','Carline Philipard','+55 442 425 0006','carline.philipard@hotmail.com','Astoria Avenue 9376, Marliéria, Minas Gerais, Brazil, 35185-000','631eae67-1705-4731-8f02-a970d555c3af','2025-03-09 13:32:43','2025-03-09 13:32:43'),('Energen Corporation','Myriam Betjes','+380 587 582 0088','myriam.betjes@hotmail.fr','Stella Street 5677, Клузів, Ivano-Frankivska, Ukraine, 77424','684c2c32-5e9c-4924-8f48-0a17a4c49615','2025-03-09 13:32:43','2025-03-09 13:32:43'),('Pearson, Plc','Jere Emsden','+40 367 080 0003','jere.emsden@hotmail.co.uk','Rio Grande Avenue 2106, Cluj-Napoca, Cluj, Romania, 400301','68b1acf0-3068-4412-895e-05f7724ce963','2025-03-09 13:32:43','2025-03-09 13:32:43'),('Kate Spade & Company','Quintus Ivashintsov','+90 997 780 0083','quintus.ivashintsov@yahoo.com','Greenville Way 13680, Kakkalan, Aydin, Turkey, 09760','69fa7e8f-7da8-455b-9f13-770a972f3835','2025-03-09 13:32:43','2025-03-09 13:32:43'),('Modern Media Acquisition Corp.','Raine Ruslinge','+33 816 373 0020','raine.ruslinge@charter.net','Mitchell Place 149, Sabonnères, Occitanie, France, 31370','6a0e748a-290d-4b65-84d2-aec8cf53b76b','2025-03-09 13:32:43','2025-03-09 13:32:43'),('Walgreens Boots Alliance, Inc.','Dora Meader','+65 157 332 0060','dora.meader@yahoo.com','Ridgeway Court 7709, Arab Street, Singapore, 199790','6c881f7c-0ef9-49fd-b15c-4479cafb6742','2025-03-09 13:32:43','2025-03-09 13:32:43'),('Lydall, Inc.','Tildi Iddons','+1 223 437 0075','tildi.iddons@gmail.com','3188 Illehaw Place, Loysburg, Pennsylvania, United States, 16659','707f5d91-e5aa-4393-b817-6a919d3ed37c','2025-03-09 13:32:43','2025-03-09 13:32:43'),('NextEra Energy, Inc.','Berti Lewson','+81 193 605 0004','berti.lewson@yahoo.co.jp','Santa Fe Street 10128, Maruokacho Shiromaru, Fukui Ken, Japan, 910-0345','750b896c-eb9d-4faa-8a83-e4064b61784a','2025-03-09 13:32:43','2025-03-09 13:32:43'),('Platform Specialty Products Corporation','Jamill Emons','+61 588 622 0011','jamill.emons@yahoo.com','Lazdowski Way 13108, Mortons Creek, New South Wales, Australia, 2446','7e619bc2-9ef9-49d8-ab94-409c568a68e1','2025-03-09 13:32:43','2025-03-09 13:32:43'),('Williams Partners LP','Bernardo Aulsford','+65 056 403 0035','bernardo.aulsford@wanadoo.fr','Boss Court 2362, Veeragoo Close, Singapore, 534428','83a3a3d4-c815-497b-a1fb-af8e738e2e6b','2025-03-09 13:32:43','2025-03-09 13:32:43'),('American Homes 4 Rent','Elbertina Panther','+593 543 972 0077','elbertina.panther@gmail.com','Pleasant View Place 2352, Dureno-Pacayacu, Sucumbíos, Ecuador, 210207','8bb9dd20-222b-414b-bac8-32fc4c10bda6','2025-03-09 13:32:43','2025-03-09 13:32:43'),('Energy Corporation','Russell Pitherick','+90 588 472 0035','russell.pitherick@yahoo.com','Infinity Run 822, Karaköy, Bursa, Turkey, 16510','8c236fd5-8088-4856-aa3a-fc09987f446a','2025-03-09 13:32:43','2025-03-09 13:32:43'),('BeiGene, Ltd.','Evey Walduck','+61 256 784 0012','evey.walduck@yahoo.com','Barnes Avenue 9242, Mount Lawless, Queensland, Australia, 4625','8d93b573-2241-429e-9827-32997af16934','2025-03-09 13:32:43','2025-03-09 13:32:43'),('Marcus & Millichap, Inc.','Sherilyn Stapels','+81 779 243 0000','sherilyn.stapels@yahoo.de','Christopher Court 3244, Mitsu Nakayama, Okayama Ken, Japan, 709-2116','8e138d39-8af8-46a4-92a6-6886faff7b8b','2025-03-09 13:32:43','2025-03-09 13:32:43'),('Choice Hotels International, Inc.','Wilek Itscowicz','+971 280 157 0071','wilek.itscowicz@hotmail.co.uk','San Salvador Drive 1939, Mirdif, United Arab Emirates, 41719 91194','8e6fe2c9-5a8c-4bc3-96ff-c74c99ff185a','2025-03-09 13:32:43','2025-03-09 13:32:43'),('Invacare Corporation','Aryn Headey','+90 327 329 0015','aryn.headey@hotmail.com','Rainsong Avenue 7064, Yolgözler, Erzurum, Turkey, 25650','9258463e-d589-4b00-85ec-d2b5f7babf88','2025-03-09 13:32:43','2025-03-09 13:32:43'),('S&W Seed Company','Arlina Auden','+213 578 045 0000','arlina.auden@aol.com','Orient Avenue 10790, Mechta Boukhemis, Mila, Algeria, 43016','92f96983-a20c-4aab-88ef-cb302a3f651e','2025-03-09 13:32:43','2025-03-09 13:32:43'),('Blackrock MuniYield Michigan Quality Fund, Inc.','Hewet Drayn','+91 232 610 0090','hewet.drayn@hotmail.com','Waycross Place 8745, Focal Point, Punjab, India, 141010','96708a44-29d6-4790-9136-a98c74fdb0cc','2025-03-09 13:32:43','2025-03-09 13:32:43'),('SCIENCE APPLICATIONS INTERNATIONAL CORPORATION','Bobby Bartolijn','+213 449 532 0000','bobby.bartolijn@home.nl','St. Stephen Street 3535, Arb, Skikda, Algeria, 21017','97cbcdd7-8863-4eb4-96f8-86b93691438b','2025-03-09 13:32:43','2025-03-09 13:32:43'),('Phibro Animal Health Corporation','Haslett Povah','+65 352 216 0089','haslett.povah@hotmail.co.uk','Persimmon Loop 2084, Jalan Wangi, Singapore, 349372','9f1f9246-f63e-402f-bf72-283adf9076ea','2025-03-09 13:32:43','2025-03-09 13:32:43'),('Marine Products Corporation','Virgina Duffan','+351 927 117 0082','virgina.duffan@mail.ru','Griffin Lane 240, Tola, Viana do Castelo, Portugal, 4950-750','a3ecb657-6091-46bd-a6ce-55cd97a591c9','2025-03-09 13:32:43','2025-03-09 13:32:43'),('500.com Limited','Tammy Jonas','+52 985 934 0093','tammy.jonas@hotmail.co.uk','Alandari Lane 11204, Los Pollos, Campeche, Mexico, 24345','a490281f-e679-47a9-975d-d1113f3462dc','2025-03-09 13:32:43','2025-03-09 13:32:43'),('WideOpenWest, Inc.','Stanly Detoile','+65 787 744 0041','stanly.detoile@yahoo.com','Littlestone Terrace 9034, Soo Chow Rise, Singapore, 575479','a703cb4a-6cdf-4700-82a0-b2f2029832f9','2025-03-09 13:32:43','2025-03-09 13:32:43'),('CalAmp Corp.','Delmer Attarge','+1 986 605 0027','delmer.attarge@wanadoo.fr','13319 Lake Denham Drive, Orofino, Idaho, United States, 83544','a997b450-7e18-45bf-bc74-c15d6d48c49f','2025-03-09 13:32:43','2025-03-09 13:32:43'),('Edwards Lifesciences Corporation','Ralina Burborough','+370 609 962 0050','ralina.burborough@mail.ru','Grantham Terrace 1336, Stebulių k., Alytus County, Lithuania, 67083','ab4d24e6-4a8f-41a0-bfd9-766ed8d20290','2025-03-09 13:32:43','2025-03-09 13:32:43'),('Strategy Security Corporation','Jasmina Goodsir','+65 346 313 0022','jasmina.goodsir@gmail.com','Cypress Point 3215, Seletar Terrace, Singapore, 806915','adde424a-64f2-4e9b-8e4d-07c66ae0787e','2025-03-09 13:32:43','2025-03-09 13:32:43'),('The Descartes Systems Group Inc.','Lilla Pellett','+40 510 996 0067','lilla.pellett@hotmail.com','Royal Palm Avenue 1233, Aninoasa, Gorj, Romania, 217020','ae1f11c7-7f3f-42a5-9a0f-6110152854ed','2025-03-09 13:32:43','2025-03-09 13:32:43'),('Purefunds Solactive FinTech ETF','Jordain Hawney','+43 407 501 0014','jordain.hawney@gmail.com','Fairmount Court 6745, Innernstein, Oberösterreich, Austria, 4323','b2820aa6-33ca-4e3d-98c8-8d55bee2e54d','2025-03-09 13:32:43','2025-03-09 13:32:43'),('IES Holdings, Inc.','Eduard Borman','+91 338 993 0002','eduard.borman@ymail.com','Ravine Road 10333, Vangi, Maharashtra, India, 415305','b413afc9-21f8-4af3-b79b-4d4f414551cd','2025-03-09 13:32:43','2025-03-09 13:32:43'),('Professional Diversity Network, Inc.','Mercie Coppenhall','+49 283 585 0089','mercie.coppenhall@hotmail.com','Tanglewood Place 14306, Sulzbach, Hessen, Germany, 65843','b5ccfcf2-8a1c-4764-95ac-6a5e192337d1','2025-03-09 13:32:43','2025-03-09 13:32:43'),('Arrow Electronics, Inc.','Karolina Swainston','+33 642 043 0053','karolina.swainston@sbcglobal.net','Mount Croghan Trail 8030, Valdallière, Normandie, France, 14350','bb09d3c0-b882-4e89-b43e-5a1b9dd223b2','2025-03-09 13:32:43','2025-03-09 13:32:43'),('BroadSoft, Inc.','Jeanne Dilleston','+1 318 890 0004','jeanne.dilleston@gmail.com','5288 Gaucho Way, Mangham, Louisiana, United States, 71259','c0c011de-7cbd-4ce6-91bb-b60a6f753452','2025-03-09 13:32:43','2025-03-09 13:32:43'),('Scudder Municiple Income Trust','Sloan Caney','+371 335 380 0066','sloan.caney@tin.it','Burton Lane 11399, Neikšāni, Krāslavas nov., Latvia, LV-5677','c4e0d65f-aed1-4d46-820b-b0d2cd5463c4','2025-03-09 13:32:43','2025-03-09 13:32:43'),('Strattec Security Corporation','Joby Shovelton','+380 118 749 0023','joby.shovelton@hotmail.co.uk','Howell Terrace 5696, Храпате, Chernihivska, Ukraine, 15540','c556e1d1-387c-40b5-8f77-4e3e26554736','2025-03-09 13:32:43','2025-03-09 13:32:43'),('Finjan Holdings, Inc.','Kelly Maseres','+7 740 668 0045','kelly.maseres@gmail.com','Fredda Terrace 9641, Головино, Костромская Область, Russia, 157634','c5d314c2-81d8-49f6-a2b6-f2af7a50d3f2','2025-03-09 13:32:43','2025-03-09 13:32:43'),('Horizon Pharma plc','Erin Folkerd','+91 945 752 0096','erin.folkerd@tin.it','Staunton Street 2910, Kalakankar, Uttar Pradesh, India, 229408','c70905bf-4fce-4afa-9d0f-dff40d9ee549','2025-03-09 13:32:43','2025-03-09 13:32:43'),('Granite Construction Incorporated','Quintus Graham','+44 100 461 0010','quintus.graham@yahoo.com','Baker Lane 9170, Braunton, England, United Kingdom, EX33','c7fdd764-8fcf-47ef-95dd-18e71691569b','2025-03-09 13:32:43','2025-03-09 13:32:43'),('Chesapeake Utilities Corporation','Cherida Menego','+91 235 136 0048','cherida.menego@hotmail.com','Partridge Avenue 8064, Karnambut, Tamil Nadu, India, 632519','cb8571e2-a865-436e-bc0b-493271b18971','2025-03-09 13:32:43','2025-03-09 13:32:43'),('New Oriental Education & Technology Group, Inc.','Carlene Butterly','+44 275 557 0061','carlene.butterly@yahoo.com','Betrillo Court 2193, Tadley, England, United Kingdom, RG26','d4a540a0-eec1-44bc-aff0-da379b9786c1','2025-03-09 13:32:43','2025-03-09 13:32:43'),('Neurotrope, Inc.','Nedi Bagger','+52 807 295 0078','nedi.bagger@yahoo.com','Gulfport Court 8239, Las Torres, Guerrero, Mexico, 40010','d57193be-1cef-4032-8bbe-bc18b70f61ef','2025-03-09 13:32:43','2025-03-09 13:32:43'),('Rand Capital Corporation','Arlyne Senchenko','+7 590 796 0068','arlyne.senchenko@yahoo.com','Foxgrove Avenue 4991, Воткинск 2, Удмуртская Республика, Russia, 427432','d75edfe5-30d8-408e-af69-818bad509c56','2025-03-09 13:32:43','2025-03-09 13:32:43'),('The RMR Group Inc.','Hakeem Rushford','+44 928 099 0055','hakeem.rushford@web.de','Dudley Terrace 13594, Toft Hill, England, United Kingdom, DL14','d7a2a6e5-d3e4-4158-8725-aedd64b715ff','2025-03-09 13:32:43','2025-03-09 13:32:43'),('Salesforce.com Inc','Roanne Airth','+48 979 924 0020','roanne.airth@yahoo.com','Camden Terrace 7160, Olsztyn, Warmia-Masuria, Poland, 10-522','da227279-4bb4-47de-8e41-d36bfbfa955d','2025-03-09 13:32:43','2025-03-09 13:32:43'),('AmTrust Financial Services, Inc.','Averil Ayer','+65 072 020 0045','averil.ayer@yahoo.com','Arnold Road 12875, Eastwood Walk, Singapore, 486414','da7f4319-aa27-4c46-8224-ff9be4881619','2025-03-09 13:32:43','2025-03-09 13:32:43'),('Owens & Minor, Inc.','Karlie Seagood','+94 488 499 0052','karlie.seagood@yahoo.com.br','Ciesco Road 158, Maspanna, Province of Uva, Sri Lanka, 90328','dabe5f4b-ace2-4d90-8c9a-0183b4633fa0','2025-03-09 13:32:43','2025-03-09 13:32:43'),('FirstEnergy Corporation','Cassie Kidde','+90 535 809 0039','cassie.kidde@live.com','Cook Place 14186, Arpali, Trabzon, Turkey, 61630','e2069fe0-f1e1-472a-ab84-600da202d088','2025-03-09 13:32:43','2025-03-09 13:32:43'),('Bitauto Holdings Limited','Christian Whittuck','+34 672 658 0067','christian.whittuck@yahoo.com','Glenwood Place 3822, Fontecha, Pais Vasco, Spain, 01423','e5731eb6-da62-4435-8287-48c530f80597','2025-03-09 13:32:43','2025-03-09 13:32:43'),('Global Partners LP','Teodorico Gremane','+43 906 129 0059','teodorico.gremane@gmail.com','Buchanan Place 10599, Kasten, Oberösterreich, Austria, 4861','e61997b6-8e4b-476c-b940-9ceb855f8b29','2025-03-09 13:32:43','2025-03-09 13:32:43'),('Sunworks, Inc.','Hyacinthie Caplis','+7 659 831 0047','hyacinthie.caplis@orange.fr','Wellford Way 8372, Сватково, Московская Область, Russia, 141345','e66e6fa5-19a2-44e2-9b60-678a150456db','2025-03-09 13:32:43','2025-03-09 13:32:43'),('Earthstone Energy, Inc.','Adan Durdle','+54 348 340 0022','adan.durdle@yahoo.com','Seth Run 8817, ANTAJE, Santiago Del Estero, Argentina, 4302','eb073618-7fc9-454b-8437-193656b5250c','2025-03-09 13:32:43','2025-03-09 13:32:43'),('Gold Fields Limited','Lexi Sparrowhawk','+33 603 930 0086','lexi.sparrowhawk@hotmail.com','Tripp Terrace 10893, Tigery, Île-de-France, France, 91250','ee8686dc-a8d5-4b99-aeda-faee1ada61d6','2025-03-09 13:32:43','2025-03-09 13:32:43'),('Canadian Pacific Railway Limited','Lorry Siemens','+65 737 538 0089','lorry.siemens@hotmail.com','Mulligan Run 13372, Loyang Way 1, Singapore, 508704','ef2cc5ea-a354-4fd8-b513-245975ec1a07','2025-03-09 13:32:43','2025-03-09 13:32:43'),('ScanSource, Inc.','Agnese Cotillard','+61 212 674 0036','agnese.cotillard@gmail.com','Trongon Terrace 283, Wheatlands, Queensland, Australia, 4606','ef97b26d-a8d4-4a32-a181-b777b91533aa','2025-03-09 13:32:43','2025-03-09 13:32:43'),('Service Corporation Inc','Kylie Forsaith','+48 997 625 0040','kylie.forsaith@gmail.com','Forest Grove Run 13551, Bielany Wrocławskie, Lower Silesia, Poland, 54-346','effccc2b-4d6f-411b-9a2c-09c67b926c7e','2025-03-09 13:32:43','2025-03-09 13:32:43'),('Global X Guru Activist ETF','Eustace Cakebread','+40 746 902 0093','eustace.cakebread@yahoo.com','Burger Court 14023, Gârciu (Racu), Harghita, Romania, 537299','f5fda75f-8435-4718-8247-6fa22a924181','2025-03-09 13:32:43','2025-03-09 13:32:43'),('Viacom Inc.','Cosme Calkin','+7 200 404 0056','cosme.calkin@web.de','Violet Court 6408, Новоникольское, Московская Область, Russia, 143443','f613ce95-f751-4ad7-9ba6-f95520d0a715','2025-03-09 13:32:43','2025-03-09 13:32:43'),('Huaneng Power International, Inc.','Felix Goly','+359 353 909 0090','felix.goly@gmail.com','Elton Place 12834, Николаевка / Nikolaevka, Варна / Varna, Bulgaria, 9172','f6170211-e8cd-44c9-967e-0a2e9fb19abb','2025-03-09 13:32:43','2025-03-09 13:32:43'),('Alliance Holdings GP, L.P.','Marissa Collyer','+65 790 218 0092','marissa.collyer@wanadoo.fr','Nichols Terrace 4131, Lorong Pisang Batu, Singapore, 597933','f7da232c-0917-49fd-8538-b221afbd1547','2025-03-09 13:32:43','2025-03-09 13:32:43'),('KKR Income Opportunities Fund','Kelley Keene','+48 065 624 0037','kelley.keene@hotmail.com','Royal Palm Avenue 5659, Marwice, West Pomerania, Poland, 74-120','f838ced9-7dad-4387-b3f4-9177257f272d','2025-03-09 13:32:43','2025-03-09 13:32:43'),('CVR Energy Inc.','Rafaelita Joblin','+370 321 704 0040','rafaelita.joblin@hotmail.com','Needlewood Lane 8448, Patrakinės k., Marijampolė County, Lithuania, 69026','fc3dd485-b3cb-4cf7-99e3-c707c535e655','2025-03-09 13:32:43','2025-03-09 13:32:43');
/*!40000 ALTER TABLE `suppliers` ENABLE KEYS */;
UNLOCK TABLES;

--
-- Table structure for table `transaction_items`
--

DROP TABLE IF EXISTS `transaction_items`;
/*!40101 SET @saved_cs_client     = @@character_set_client */;
/*!50503 SET character_set_client = utf8mb4 */;
CREATE TABLE `transaction_items` (
  `quantity` int NOT NULL,
  `unit_price` decimal(10,2) NOT NULL,
  `transaction_id` varchar(60) NOT NULL,
  `product_id` varchar(60) NOT NULL,
  `id` varchar(60) NOT NULL,
  `created_at` datetime DEFAULT NULL,
  `updated_at` datetime DEFAULT NULL,
  PRIMARY KEY (`id`),
  KEY `transaction_id` (`transaction_id`),
  KEY `product_id` (`product_id`),
  CONSTRAINT `transaction_items_ibfk_1` FOREIGN KEY (`transaction_id`) REFERENCES `transactions` (`id`),
  CONSTRAINT `transaction_items_ibfk_2` FOREIGN KEY (`product_id`) REFERENCES `products` (`id`)
) ENGINE=InnoDB DEFAULT CHARSET=utf8mb4 COLLATE=utf8mb4_0900_ai_ci;
/*!40101 SET character_set_client = @saved_cs_client */;

--
-- Dumping data for table `transaction_items`
--

LOCK TABLES `transaction_items` WRITE;
/*!40000 ALTER TABLE `transaction_items` DISABLE KEYS */;
INSERT INTO `transaction_items` VALUES (808,39.36,'bbab9398-cff7-4f97-8122-e1050c4be6e8','9869216d-7543-4217-b14f-001e92ae0a26','0065b3ac-3854-4fc8-807e-cedb728395fb','2024-12-31 15:43:13','2025-01-01 18:03:40'),(640,49.82,'aff3337b-819b-464c-ba35-cf3350915097','4bd0049a-e390-4196-90c1-7444079513c0','00ebb1c9-47a5-4dce-8d27-65b523fe9b11','2024-11-20 19:42:28','2024-11-25 16:23:11'),(725,43.43,'e2938a55-fd1d-45c0-a2fb-56a25e8b8e6e','55362585-2f30-4925-8e36-4b7398c4c916','04a559f9-ab27-4f2f-85b2-30e303a1aeb3','2024-03-30 06:06:12','2024-03-31 01:51:57'),(804,47.45,'2f1b85c3-7a26-4c46-97f8-242ee7f727b4','a54819df-bad0-4291-bbc0-a9c0340dfa51','086315f7-abd4-45be-b33d-29a418dbdb3a','2024-07-11 14:25:21','2024-07-11 15:39:50'),(886,54.47,'0148eb03-7fab-483a-88c5-ef00e93661bc','0ad3d248-2888-4c81-a1f6-272d5ee0f757','093391be-d83e-4d19-ac84-b1c6c0284881','2025-01-23 20:07:44','2025-01-27 09:21:01'),(782,52.79,'294491f9-10d6-4833-a9fd-c51f0f92be65','55b00f82-cb54-4b66-aae2-f63b1bfff4c2','0d793bbb-7ad6-4814-aed8-846b893c0a61','2024-09-12 00:28:45','2024-09-20 18:00:36'),(732,44.45,'923de69c-f242-4fea-b36e-42197f778833','bc3fc15a-9d33-46d0-ba44-a26e98962f05','0ef39471-55d0-43bc-a840-900a3661edb0','2024-12-06 18:03:22','2024-12-11 10:00:26'),(25,40.80,'2eacda36-6d62-48fb-b157-fc40f4b0b56d','c28efd67-1158-4149-9157-ae407ae7bbff','139ac802-776c-4d43-bfa8-b4dc3cb1df4a','2024-05-10 17:51:11','2024-05-17 03:37:36'),(287,42.44,'caff208a-f480-41b7-aedc-9dd1b4687839','bcaa18b5-ccac-416f-b336-fff0266069aa','13fd607a-796c-4c17-aa6d-0c5574f37ff1','2024-07-16 20:18:35','2024-07-19 17:43:23'),(902,41.20,'7e33b2f4-cb7d-4596-b66c-3c6cede52a87','f5087de2-e692-497c-99ac-96a6309a27bd','149a741e-bee2-4f5a-85f2-52e2ea4841b9','2024-03-11 02:30:18','2024-03-17 07:53:35'),(272,38.56,'fc2b1bb8-c0cb-4f3f-9e26-0490f4d0e0d6','c7b23ef7-eb4a-4c25-9038-4bff1eed944b','171e2bdf-8366-4d88-b912-4d6a1ca4471e','2024-03-28 10:23:29','2024-04-01 15:16:59'),(876,50.89,'f80197c9-16f2-48d6-8a58-5df556f5a50f','fb07ce4f-9759-4bb6-b7f0-d09559902cf7','197b313f-2c38-42e4-b81e-89fe7ace0233','2024-10-02 19:18:08','2024-10-12 10:35:34'),(719,61.92,'5403db5c-af43-4119-babf-597cb109b942','d9a02c70-5ff1-4cb2-9d57-3f3c28f67ec4','1c168ead-813e-403f-8914-2b1f10917dcb','2024-11-04 04:27:21','2024-11-04 13:18:04'),(639,39.83,'3a55c677-73db-4cc5-a0a7-7287a1824176','78f409ab-74ca-49ee-bdeb-11365b689e98','2594b802-33fa-4884-b848-ae0ff8d0a92b','2025-01-31 15:17:17','2025-02-06 04:04:55'),(114,56.58,'f24396e3-2c53-4eac-9da3-3e5fdc980680','60be7c24-fb11-4ddf-ae5b-1365bfa830cf','266dc822-86f4-4107-ad0a-d85ef7c07445','2024-05-24 02:52:44','2024-05-24 03:04:57'),(108,51.81,'6baa43f5-b6b9-4926-b305-7ce32a17762d','1bcfd2e0-024a-4656-b614-3e2f0ad0b15f','2b42a27b-3197-4e2e-933e-f6877bcfb48d','2024-07-27 21:53:36','2024-08-04 12:45:22'),(624,50.70,'47ec9010-be1f-4d6d-8ce0-3e51208c44a8','4f5e449a-3d78-4407-9713-69572b0286bb','2c575188-be9a-43fc-8209-7a383128d75a','2025-01-22 22:32:19','2025-01-24 22:17:16'),(941,42.82,'b6111e7c-8771-4e1e-9bf3-cd6d3ba732fd','e7fe43f0-11e4-4064-954f-e807266982a4','2f62eecf-e515-40a5-8508-e4c8d5df8140','2025-02-27 02:04:43','2025-02-27 11:19:08'),(281,61.98,'58a71d6f-838d-4699-88c9-bb69bf9c6709','8d98774f-d89f-471c-84d4-fde4b044fb95','33be3b63-47c2-4d09-bda7-5675a1f15326','2024-06-29 07:51:08','2024-07-05 09:57:46'),(270,60.58,'62374f1c-bcbe-47aa-9bef-ee0b1ca5bb5a','bee5aced-b33b-4355-ae06-a34e69b96cb1','371d6ef4-9aec-4f3a-bfc1-79b246fee349','2024-03-29 11:42:30','2024-03-31 09:12:31'),(970,48.69,'c0dc797e-c258-408f-b835-826fbea83d7a','0abcf753-b74a-4fc7-aa2c-154406ec2fcb','3e077289-8b7a-48aa-8a0b-99414b750171','2024-05-10 13:51:43','2024-05-11 02:25:25'),(480,39.73,'de4f5c38-a13d-42b7-9f69-b9c052aea059','0bdf4295-148d-4b52-beae-566e4141131c','41253756-d0d1-44ba-8d01-8e804ccce4e1','2024-05-09 04:17:07','2024-05-11 20:06:15'),(715,44.15,'9e6aee26-c60a-49a1-ad1b-a17fbfc6d05a','99b4ea81-cf51-48fa-a07f-5754f3f411a6','446fa851-3064-481c-bcd0-49174995c4c1','2024-10-30 11:58:25','2024-10-31 17:29:01'),(235,39.83,'33891a29-161b-4e01-8320-643e9aee9f17','2b46810f-312a-4a4f-a7c9-b96194aee6fc','451d5243-e9df-42ad-a886-3cc7f9e50f86','2024-06-19 07:35:03','2024-06-20 04:23:42'),(481,53.00,'c051cf3d-5176-4a3a-a9b3-b5c110c9e7d3','c6acd09f-faed-49c4-a079-d6aae84cf754','45602424-bbb4-4844-9e75-b4cfdb89a023','2024-06-25 07:11:01','2024-06-26 01:44:46'),(955,53.64,'0e91729b-ec00-4072-a496-0bdb9774c682','364ee5bd-1452-4499-9f07-eff59f4592b7','45b0fb12-42fc-4600-a8a1-9fad74bb2d71','2024-12-10 05:28:01','2024-12-10 10:47:37'),(417,58.08,'d3548cb4-bc9c-45b0-8f1e-510d535c7116','54bd6d59-8ef5-4145-9512-81cdb9cf0af3','4691580d-8d35-4694-8c0b-2d4b1e4e47f7','2024-05-01 02:52:56','2024-05-10 20:30:04'),(307,42.61,'b44a745d-d424-44ad-855d-dd0169cc3bbb','85d80f9d-ac18-4832-999b-1e65b88d27d7','4720d623-fae5-4ec5-8aca-aacfc6039466','2025-02-27 11:23:25','2025-03-05 11:03:59'),(364,59.44,'51aa56b4-7d5f-446f-945c-1516d735f06b','13bff34b-408b-4bb8-b618-9f974d1122fd','49a30c33-9aa9-4fbc-9344-a72613e017cd','2025-01-05 06:35:45','2025-01-10 17:48:31'),(852,39.49,'3096cb9a-892a-4000-b08e-a9c99ad87d0c','92a3ee72-59bb-4d72-b23c-2fd285b09a1f','516e91b9-cbb8-4f89-99f2-b01ffd938422','2024-07-04 02:09:06','2024-07-06 10:40:20'),(149,44.88,'e3364b1d-7be7-4cde-bcf9-4f343bba51ce','3c006a53-8206-45d7-b38e-7087825c5df0','53d4aaf4-877a-4ae5-b48b-35c41ef4708c','2024-12-21 18:17:17','2024-12-29 02:30:05'),(890,54.53,'46496238-409e-4ffc-9630-9368c7ea03f8','946d53b1-9315-4fd3-ad91-4f4fe3632633','542808e8-e5bd-4d69-887f-c11010e7f28c','2024-10-02 00:23:00','2024-10-08 17:32:44'),(250,60.51,'38daaecc-0cfc-4268-9ec1-516d9596c8b0','f2b1c6d6-4bab-4a20-88e7-0bc16d59859c','542dddc8-30f9-4cc4-8b03-77fa86aac4f6','2025-01-08 23:19:09','2025-01-11 10:46:40'),(73,40.84,'248aafa3-974a-4455-9257-4012efa8959c','bd66c9e9-2c5a-488d-8d33-6dbd5279ef1d','57343187-edd0-4fbf-8c8f-fea10c7f1a83','2024-11-30 05:13:27','2024-12-02 12:07:26'),(701,43.06,'7af5a514-c2c9-430c-87f4-76bd227f9cfb','fd1bfb89-727a-45de-a395-8e7bfe3d997c','57d68315-c123-4da3-acf7-371e95ae44f0','2025-01-12 08:13:07','2025-01-12 23:57:07'),(791,45.98,'f514ff09-56c7-4e0a-95a5-e04bb6247a12','208ce230-1ab1-4464-8615-52c304101337','5894e110-3ec2-4d70-a81d-fb5f36e2a589','2024-09-02 16:39:33','2024-09-07 06:50:26'),(966,53.12,'28afea73-b6a5-46a9-a70c-7dc106f77741','1ab8457d-96d4-45c5-9816-ebdff2eaf614','5f4c771e-aeec-47cc-a410-5cb6d6a4df52','2024-08-14 20:29:30','2024-08-21 19:00:48'),(827,45.25,'37c594c9-5eaf-4b12-a18b-8ee4e5248d2b','1e526b9c-6902-4f9f-9a19-7ac8d0625f57','6e059587-b3b5-48e3-a486-3fa0675d1a17','2024-06-24 00:32:47','2024-06-28 05:47:01'),(966,40.56,'b59fe27d-9a59-413a-b028-ad72983843fc','b1fddbb4-4eb1-4ad5-85a9-f47d41fb11a1','6f9ab60f-fbad-4426-90c4-7ea7b1d65737','2024-09-09 18:19:01','2024-09-18 00:39:56'),(23,58.28,'018f76e7-8a64-40de-bf2b-d6b9f43561bf','b28034bf-6a22-4cde-8442-f81d4f5ce91b','72507555-5bb3-4ab6-8979-a3a6b291e6a7','2024-12-14 13:47:13','2024-12-15 00:46:14'),(562,46.62,'d0ba9b77-6a3c-48da-a669-b001f7500da7','20039084-3521-4d4c-af1f-7daf75498b6e','73a38f93-7e92-4a3a-8765-2302005a53cd','2025-01-08 15:10:02','2025-01-16 22:46:36'),(42,59.52,'92d766e8-0f6e-4486-8db9-a84420c88679','f15354fd-d39e-4e14-9e0d-bd143dce07b4','7434ac85-60fb-486f-bf62-c7856cebc864','2024-08-05 16:04:46','2024-08-11 00:09:37'),(152,56.59,'0d91ad97-e416-4fcc-ba5e-d89b74ea69e3','0585a497-5c5d-4525-92c7-70d728c22479','7846da31-cfbc-45db-891a-77af0371d097','2024-03-25 08:52:32','2024-03-29 13:58:31'),(957,48.40,'91720da7-fc28-413b-bc9a-946a78b3c391','2194fbe0-a024-43a0-b055-835582e7c43b','78605b42-3e84-4d5a-baf2-c371eb3d4689','2024-11-12 00:09:41','2024-11-12 12:52:09'),(447,37.58,'f607c045-9995-4b29-861b-eae23aa2978a','e7ecf836-0f73-45f4-a74d-a62409598517','8003956b-e68d-4183-845e-9fc54c9a2745','2024-06-21 17:56:28','2024-06-22 05:44:02'),(599,59.11,'ad8fbd77-79db-4093-bec9-c5d1fb111260','dc6a9144-5985-4ea7-b21c-e20cb307082a','81709d04-f240-4665-a7f8-d40e56c595fe','2025-01-12 11:55:35','2025-01-22 04:11:30'),(457,45.54,'17f6239e-b64a-4f7c-91e8-b287ddf47a7e','316f1c22-e408-49b0-a2ba-506427f6b2ca','835a0a4b-6c8b-4c11-ad82-48ba4b29b73f','2024-10-17 17:33:02','2024-10-23 05:18:24'),(726,44.59,'a3c94ddd-637f-4407-8e23-a9e320ae8406','02198942-65ba-4d99-9add-12da94d16e72','8629cb19-dd0c-43d0-9f1c-9d8f5deba42f','2024-12-08 17:03:14','2024-12-11 06:24:11'),(292,41.23,'3edfecc1-0a09-448d-87e8-bc7c99b4e623','b56f6625-32d4-4cf8-bc83-62fb21ec7d8c','86d6ce21-b674-4059-8301-9359769f0d56','2024-11-03 16:06:22','2024-11-12 17:06:22'),(545,40.11,'799b163e-c568-4e2a-8ede-85e265a731a5','efdaa4c1-1b10-485a-a2ee-98f2e7489198','8c9d7ce1-c94a-4b70-8861-ca3e1bcb2395','2024-10-11 04:19:30','2024-10-17 14:06:03'),(847,56.79,'43284343-5d50-47ee-b890-177d662f9075','0f5a93fd-9c74-429d-ae6f-6d8315c6ea3b','8cb5cf7e-8a39-407e-908f-645538fdbe03','2024-06-20 16:45:55','2024-06-24 02:08:00'),(499,56.99,'9d4b5259-57be-4973-b559-a91f7bea3e15','42f8391d-e5ca-47d5-958f-46ba56c9aaa3','91e8924f-89d3-400b-81bd-b1a3e70c6bc9','2024-06-01 13:44:32','2024-06-10 01:50:15'),(63,50.72,'9693020c-6037-4e0d-b3d5-2cd81289cb27','40fc829b-a093-4b85-bf16-466d7d395207','92f03b80-1553-4e14-b11d-9970728e601e','2025-01-18 15:23:31','2025-01-23 15:56:04'),(6,57.29,'1c2fb11f-f497-405e-a209-053f438933f1','c28efd67-1158-4149-9157-ae407ae7bbff','944fd733-8fbb-4d4e-bee4-8e0cde27cb40','2024-05-27 02:13:07','2024-05-30 15:33:30'),(42,52.37,'4a9269b4-c1b6-4c14-b1ca-047c7887b1ef','1f957bf7-3f46-4a31-9192-32288d0173e4','9679b6d6-6e17-4adb-b337-322a2975d77a','2024-12-14 05:36:57','2024-12-16 15:34:56'),(609,42.71,'e468530c-6147-4493-82c5-56016c12a726','adf8dd42-f0dd-45fe-8089-2cf48cd828ec','9e609044-2ecb-4f83-94d0-a67bb40be29d','2024-05-14 00:37:36','2024-05-22 02:26:33'),(776,51.83,'31b39c6f-876c-4546-97c7-a62990dac448','ed8a0b77-e982-4e66-bf45-180666e79197','a73da6c4-4e36-4977-b5f5-bfdee202ea2c','2024-05-18 07:33:33','2024-05-19 12:07:57'),(899,57.49,'eb7ea698-39a6-4102-a841-3d84473c6198','7a2c5c88-fcca-46aa-a2db-ca74784e7549','ab1ce976-14f0-4779-881b-6e22bfadb495','2024-12-15 16:19:07','2024-12-19 13:02:42'),(876,60.69,'2459ec4c-0de2-49ff-95ae-9003fd1cff17','4e326c9d-c177-46f7-8854-bc66037986e5','abcb88bd-7729-4cdb-9d80-89219488706e','2025-03-07 06:12:39','2025-03-13 15:15:26'),(16,55.10,'2237471d-2853-4ca3-b1da-802a9515972a','c28efd67-1158-4149-9157-ae407ae7bbff','ae2d49ed-1a7c-42f2-8713-bad9e839cf34','2024-08-03 12:03:56','2024-08-12 17:27:41'),(166,55.15,'c858096d-8f7a-4893-95f5-d6d3795246d0','20a68d02-fb09-489e-bcef-5f1dc8390000','b49369f5-033b-4395-bfed-5b15224e7175','2024-10-28 21:05:50','2024-11-05 05:40:16'),(915,44.40,'8b71cf87-ae25-41b7-8976-aa1ea48ad64f','dce1c646-0917-42c3-92ab-cc896223590e','b978ae16-e54d-4187-b26a-e37fedfdfbd0','2025-01-07 20:42:33','2025-01-15 00:19:23'),(165,57.28,'f8e3482f-9e4f-4de7-a612-ac59f5dc201d','00549806-5fec-4f7b-abbf-e81f4467fd8f','bb726ce7-3dbc-46ca-80bc-f34f439abebb','2025-02-06 00:38:40','2025-02-09 06:53:13'),(330,58.26,'107701cb-0466-4f83-89c4-876478e7bc4a','8c1ddea4-24bf-41df-ac6e-a17a5f26c538','bf4a742c-2864-46b7-992f-adef9d3881df','2024-07-17 18:51:07','2024-07-21 04:20:11'),(549,48.36,'6c36c9db-d1a3-4513-8c35-b051a9a3f054','0077e7fd-b0f4-4876-af6f-6c1825037e84','bf4deaa8-ad23-4735-9a7c-33bc49e59c9d','2025-01-21 05:37:12','2025-01-29 06:24:48'),(639,52.13,'43437edd-a46f-488b-91af-cf04452d3bf8','efe46897-990c-4b79-a8be-6922de24ef20','c3f732f8-dc0a-47c4-8600-635792aa4eae','2025-03-01 05:55:39','2025-03-03 02:46:25'),(212,42.90,'669f35db-c5c2-4842-bb7a-18719a5d8a78','21ecf26a-0e5e-45b5-b281-c4e4ea52d29a','c41a7ae6-29a5-4d6e-a49f-c3220d0678fe','2024-12-12 16:17:04','2024-12-21 20:20:13'),(745,46.75,'f8d656ec-8c55-4f38-a98b-3058136a260f','6ceda465-0a55-4955-b307-fd8fa3faf823','c74839df-606a-44f3-bc24-bc19eb9f6270','2024-04-01 15:59:23','2024-04-06 08:39:45'),(723,56.48,'54a70363-50b5-4f56-8656-60405bb7e9f6','6dd916e5-7bc3-4d63-8981-f5685a1d25fa','c7b591fb-f4d8-44eb-93e9-798c0af19166','2025-02-16 09:39:15','2025-02-23 00:42:34'),(904,38.47,'49adc63e-fad0-42cb-a391-47db15ca66cd','14c001cb-c299-459a-adf0-2e8ff3e86a69','cbac4a81-fa6d-4b54-a2f3-505b147edab4','2024-08-22 16:20:35','2024-08-26 18:56:28'),(3,50.08,'c628490c-798a-475e-bb90-df0b095f0f81','1bd4835c-20fe-4703-9826-9a96b64235e9','ccde7c5a-c5d7-4195-8402-5803a53f4dab','2024-07-15 08:15:21','2024-07-17 08:43:40'),(18,57.32,'087cb79e-1d6c-43a2-885e-1adb15ea0478','a3e81abd-1c21-4874-bd49-d6d1aa5cce7a','cd1413de-45d3-4c93-84f6-a2084e78c514','2024-08-29 23:59:06','2024-09-07 07:45:12'),(585,38.42,'538ad8c8-95a0-468a-bfe3-ae76d3404792','e6bce245-73cf-42e7-a322-35662bdcfec8','cd5d357c-f34b-49eb-a1d9-cc06de24c0de','2024-11-08 13:50:20','2024-11-14 16:52:10'),(509,49.39,'aaa16854-8118-4978-ab6e-10fb6487bd0e','c28efd67-1158-4149-9157-ae407ae7bbff','ce6870ec-47ab-405e-91d0-c2f7add5ac1e','2024-04-08 17:31:14','2024-04-16 11:07:44'),(716,37.63,'5f4bb93f-0f52-40b7-b30f-55ccf45cc9f0','8508df61-661a-44c3-8a0c-9f46fa02bb6f','d08da0d7-4492-47b5-807f-0c15881df27c','2024-08-24 19:44:38','2024-08-30 15:37:29'),(844,52.75,'6e3ce63a-c08f-42c7-9ec9-7eff4eb2601b','f9255186-a682-44f4-9fff-a0b914445b2f','d3f06953-18a3-47c6-92bf-037dc0b39e06','2025-02-18 13:45:28','2025-02-26 15:34:05'),(551,51.12,'ec51912c-0e92-4f65-a7cd-2e4aa4b107fa','16483d2f-89b7-4266-8a26-35af221df23c','d7c56204-953f-4386-8081-f756fa505503','2024-04-26 23:09:04','2024-04-30 18:38:29'),(175,52.45,'e04dd66f-ac9e-4208-9076-b6c2a8de95fd','86cd81e2-da6d-4dd7-89c1-048801e1cf62','dad091cd-741f-4b6c-84fd-c9fa65565188','2024-09-09 05:45:37','2024-09-12 08:39:22'),(556,53.66,'f8400fee-260a-46b7-8572-efa7f23ec482','dc2baa88-8470-46f8-a81e-40d33934fcf4','dbb0ec29-eee4-42bd-810d-c974492f1a06','2025-02-17 07:07:00','2025-02-17 21:52:55'),(670,47.61,'5ed27fee-1a3e-416c-bbcf-43ae4ead4a11','4b6cb334-6bb5-4e26-8d0d-de1b5f6fcfaf','e2159622-9258-4ca4-8bbf-17d0188ef5ca','2024-11-24 09:17:25','2024-11-29 15:06:58'),(310,40.61,'e4addb78-e576-4a1a-a8f2-3cbe7a40c280','cccc12d2-1074-4b5b-9b1e-bc6bd641c852','e3d98f91-566d-4d9f-8358-8408d15f5f1b','2025-03-03 11:08:05','2025-03-07 10:39:13'),(47,41.94,'1f1b6cbc-83a6-4656-a062-d5f8e0b8edac','5395de99-36e3-4b6d-8028-d68fd5f29de7','e6386e51-4c4c-49cb-96b2-ed0247f5ef81','2024-07-20 12:39:58','2024-07-25 04:17:11'),(60,61.43,'1bae2172-294b-4e7f-b17c-544eda4d38ad','a0d194f2-b450-40d1-8deb-2158f40234b0','e87e492b-50d5-4656-bcf5-f387d9135ee9','2024-09-30 06:52:07','2024-10-07 22:50:26'),(197,38.04,'4d9abf63-4bb1-404e-934a-81e05f7a7f7e','64f505b4-97f6-46dd-b1d7-d81a0176a28c','e9adf1d6-091e-451e-adb5-561d31419335','2025-03-04 02:55:59','2025-03-10 20:07:32'),(278,40.57,'04d97d8a-1f40-4657-bc26-26eeb1db3132','44420f0f-6267-465f-aac6-f10b0a281882','ea2ced5c-959d-43dc-a119-b06ef07e17f9','2024-07-06 22:27:54','2024-07-11 00:08:34'),(579,53.38,'9a7f8a55-17ff-40fa-b6e5-7b94a96278ef','62e3a678-779a-40f8-8365-a5ae2f4618bb','ea8cb5c7-53c2-4090-9e5f-1e8b676be8ff','2024-10-31 16:26:56','2024-11-09 11:18:34'),(350,41.86,'d716e8c8-8fda-4011-9b5b-cd28bf40cb53','0778ca31-027c-428d-8aad-cbee2a28766a','ec3c3f9a-e2c7-4fad-86d4-dc927b91d09b','2024-04-28 00:44:45','2024-05-05 03:27:02'),(317,38.23,'395515d0-97ac-4f1b-83d5-6961f419a7cd','49cbfb2d-b02a-4e14-9462-29fa4d0f6f54','ef2b7266-4b9c-45d6-8e44-a278c2262587','2025-03-05 21:09:19','2025-03-09 06:38:57'),(905,51.94,'cb3bcd52-1959-4324-ac3a-7e9956da7445','f3c5cdaf-7431-4021-af40-188e7912ae1b','f1b562fe-78e1-410c-b058-ae9e2c93012e','2024-04-14 02:50:03','2024-04-14 19:55:14'),(443,59.28,'ecad403d-602b-4693-a772-7210f26f8875','fde92ade-4c7e-4e66-87bb-5e1212b077ca','f46f42ee-6e1b-4e64-8d4e-ea7221d953da','2024-06-22 12:13:02','2024-06-30 21:29:30'),(124,49.46,'1e72673e-fa1e-48ad-b378-58a014111f38','32219137-500f-4d5b-b512-0542b254e5c8','f481630a-ed65-42fe-a3c0-91832c1a7c9b','2024-07-04 17:28:25','2024-07-10 04:23:41'),(142,46.46,'23b731c7-0a88-4080-8c20-9665cbb467e9','c7b50c45-8e57-4c96-be83-ab3a49bfa890','f4a3b0c1-b1c9-4927-aea5-59bf027d0ebe','2024-12-02 14:14:05','2024-12-07 09:41:07'),(510,48.66,'a572110a-a618-49b4-946f-62c60ffebe1a','c0b30ac9-1641-4193-acef-b05d70056fcc','f8af17d7-8fd4-468c-8f41-f14e11f895d2','2024-10-22 15:13:15','2024-10-24 23:29:48'),(36,40.16,'acd78a10-0f16-4c88-b546-b22e19bc4429','44438ef3-94fb-440a-82b8-3ed189c95509','fa2ed1a2-6dba-48ca-ab22-89f74907b615','2024-07-14 05:23:56','2024-07-17 06:02:49'),(890,42.46,'5aa6ef76-afb6-41b7-9ba9-cf59358cba78','b932ef11-a0e9-412f-adf7-270cb9311fa5','fb2ea8f7-924f-4b97-8964-ea8a33da79be','2024-06-03 22:56:20','2024-06-07 16:44:15'),(871,46.17,'a32b967d-d572-47a7-80bc-98386c82fb27','8ffae6b6-3fe7-4236-9b02-7194d82c3956','fd80dcf5-2899-466f-adaa-8e7d4aecac06','2025-02-28 15:46:46','2025-03-05 11:10:34'),(270,50.84,'bfbb72b2-e0c7-4d27-b33f-8cd284bd92f3','808b1c93-018c-46bb-9cb8-848513d550e6','fdc7f311-15a2-46fb-8d52-a06679a55fb2','2025-03-05 06:45:52','2025-03-06 04:19:24'),(487,45.39,'9f371279-3269-4527-8ca4-b0007fd0bf06','602187c8-f0a0-4a57-8f3d-8c67be647bb6','fe263b7c-45c4-49e9-bfec-1ed102d4f2cd','2024-09-14 02:14:49','2024-09-15 00:28:02'),(570,50.89,'27797269-9681-4c60-9e73-e7fd9189ee95','4606c440-c225-4596-91b9-7255b7f2de5a','ff5e1676-90f3-405f-a864-52df9dc9c13b','2024-07-03 00:30:06','2024-07-04 16:11:50'),(184,49.12,'ae8f97ef-2967-4055-8503-82628bdb4b95','43427aa7-20f4-4c9c-b3d0-683e8476b461','ff9c79c8-c630-4701-bb1a-4f918e3884c2','2025-01-29 05:21:29','2025-02-05 06:21:48');
/*!40000 ALTER TABLE `transaction_items` ENABLE KEYS */;
UNLOCK TABLES;

--
-- Table structure for table `transactions`
--

DROP TABLE IF EXISTS `transactions`;
/*!40101 SET @saved_cs_client     = @@character_set_client */;
/*!50503 SET character_set_client = utf8mb4 */;
CREATE TABLE `transactions` (
  `transaction_type` enum('purchase','sale') NOT NULL,
  `user_id` varchar(60) NOT NULL,
  `supplier_id` varchar(60) DEFAULT NULL,
  `customer_id` varchar(60) DEFAULT NULL,
  `total_amount` decimal(10,2) NOT NULL,
  `transaction_date` datetime NOT NULL,
  `id` varchar(60) NOT NULL,
  `created_at` datetime DEFAULT NULL,
  `updated_at` datetime DEFAULT NULL,
  PRIMARY KEY (`id`),
  KEY `user_id` (`user_id`),
  KEY `supplier_id` (`supplier_id`),
  KEY `customer_id` (`customer_id`),
  CONSTRAINT `transactions_ibfk_1` FOREIGN KEY (`user_id`) REFERENCES `users` (`id`),
  CONSTRAINT `transactions_ibfk_2` FOREIGN KEY (`supplier_id`) REFERENCES `suppliers` (`id`),
  CONSTRAINT `transactions_ibfk_3` FOREIGN KEY (`customer_id`) REFERENCES `customers` (`id`)
) ENGINE=InnoDB DEFAULT CHARSET=utf8mb4 COLLATE=utf8mb4_0900_ai_ci;
/*!40101 SET character_set_client = @saved_cs_client */;

--
-- Dumping data for table `transactions`
--

LOCK TABLES `transactions` WRITE;
/*!40000 ALTER TABLE `transactions` DISABLE KEYS */;
INSERT INTO `transactions` VALUES ('purchase','7b156842-c68c-4e16-b602-1d91b157c3db','f613ce95-f751-4ad7-9ba6-f95520d0a715',NULL,549.94,'2024-04-03 23:59:14','0148eb03-7fab-483a-88c5-ef00e93661bc','2024-06-03 00:15:41','2024-06-07 22:53:38'),('sale','d7578984-2955-403e-9696-9792453b796b',NULL,'8bcd877e-f1eb-41c8-9dfb-a5400416bede',417.90,'2024-05-13 03:43:14','018f76e7-8a64-40de-bf2b-d6b9f43561bf','2024-04-08 08:50:26','2024-04-09 18:35:18'),('sale','d0a1c4d8-d1d6-4ead-bc66-d35120dd5e83',NULL,'ae075c8e-ca15-4539-8765-20ed1f10772f',496.46,'2024-08-07 02:17:10','04d97d8a-1f40-4657-bc26-26eeb1db3132','2024-05-27 21:23:29','2024-05-30 20:04:02'),('sale','7b2783b6-4bf6-46a9-8c26-ae2f6f2b45d9',NULL,'8f679dff-03d7-443d-91c3-235a0460b5eb',554.21,'2024-12-25 02:14:00','087cb79e-1d6c-43a2-885e-1adb15ea0478','2025-01-07 22:33:18','2025-01-10 05:08:29'),('sale','cbf4fb04-580e-407e-bbe6-ed32a9e272fb',NULL,'d9dfbe35-3782-491e-ba8b-a5a6cd9b1bf2',558.07,'2024-04-28 10:21:39','0d91ad97-e416-4fcc-ba5e-d89b74ea69e3','2024-09-25 03:47:57','2024-09-27 11:20:32'),('sale','62b9c5aa-27af-43ad-95ab-f3bc2234cd3f',NULL,'3e8f1a62-7166-40da-a7bb-92c64f525785',489.82,'2024-08-14 23:51:00','0e91729b-ec00-4072-a496-0bdb9774c682','2024-04-08 23:35:33','2024-04-12 19:10:53'),('sale','d5c25175-4f80-48a8-90c1-2acb02ed7edf',NULL,'e4e19d00-afbe-454c-96c1-af8b73c7a1ea',388.10,'2024-06-01 00:33:52','107701cb-0466-4f83-89c4-876478e7bc4a','2024-07-07 16:30:34','2024-07-11 10:42:15'),('sale','28942a87-1b09-4b40-a70c-e1ae9fc65ef4',NULL,'8304d190-d96f-49d2-bb94-e218645ad837',568.39,'2024-06-12 00:57:25','17f6239e-b64a-4f7c-91e8-b287ddf47a7e','2024-10-11 10:40:39','2024-10-19 17:10:49'),('sale','5a54ad20-fe88-47aa-9604-fe80abc51e49',NULL,'8093c38c-1fde-44c4-8999-8c84f14ceb04',435.19,'2024-12-15 15:30:44','1bae2172-294b-4e7f-b17c-544eda4d38ad','2025-02-11 14:02:31','2025-02-21 00:09:27'),('sale','05edfe70-a8d6-41e2-8be3-438b768ee3c5',NULL,'ea843106-e03d-4dd9-932e-5f6b54617b91',383.08,'2024-12-29 19:12:10','1c2fb11f-f497-405e-a209-053f438933f1','2024-10-23 01:15:49','2024-10-29 01:32:30'),('purchase','69a9337a-efa2-49df-9a5a-d65fb11d73c5','c5d314c2-81d8-49f6-a2b6-f2af7a50d3f2',NULL,462.83,'2024-08-29 00:17:00','1e72673e-fa1e-48ad-b378-58a014111f38','2024-11-16 12:15:54','2024-11-21 10:28:14'),('purchase','6292e07a-8a60-42c4-a138-c98af12bc304','f5fda75f-8435-4718-8247-6fa22a924181',NULL,571.86,'2024-12-13 09:23:01','1f1b6cbc-83a6-4656-a062-d5f8e0b8edac','2024-10-20 01:42:30','2024-10-20 14:27:21'),('purchase','c09f839a-ecd6-46e8-916f-935eaa6b1e6c','c0c011de-7cbd-4ce6-91bb-b60a6f753452',NULL,614.65,'2024-10-24 09:47:40','2237471d-2853-4ca3-b1da-802a9515972a','2024-09-09 12:09:27','2024-09-14 13:52:42'),('purchase','fbfe33e1-683d-40cd-9dc6-bd25c6cc2f87','e5731eb6-da62-4435-8287-48c530f80597',NULL,494.61,'2024-06-19 22:44:27','23b731c7-0a88-4080-8c20-9665cbb467e9','2024-12-22 21:38:11','2024-12-31 14:17:48'),('purchase','1b5c4a80-5143-4469-b3ff-bc8614d6f296','96708a44-29d6-4790-9136-a98c74fdb0cc',NULL,414.76,'2024-03-29 21:24:59','2459ec4c-0de2-49ff-95ae-9003fd1cff17','2024-03-08 16:13:52','2024-03-09 21:00:47'),('sale','8975dfc7-2cdb-41e6-be79-1845f8189df6',NULL,'f2026049-1548-4989-b9fd-699edd3a616f',592.86,'2024-09-12 04:34:26','248aafa3-974a-4455-9257-4012efa8959c','2024-12-18 16:10:16','2024-12-23 16:05:45'),('purchase','d0a93444-5d15-4bd1-ba70-7e6229a63902','1442bbd9-5190-4fbb-a4f5-66f48c6e904b',NULL,610.40,'2024-05-09 20:46:24','27797269-9681-4c60-9e73-e7fd9189ee95','2024-07-31 21:55:33','2024-08-10 17:38:53'),('purchase','6fb8b0de-b7ae-42f5-a60a-cfac84f25861','1d14cc00-be5a-4ac6-83f6-ab136b6b7229',NULL,578.03,'2024-11-11 12:52:57','28afea73-b6a5-46a9-a70c-7dc106f77741','2024-12-24 10:29:45','2025-01-01 19:21:52'),('purchase','bbd5ca09-544c-4d54-be83-59c9cb33f699','a703cb4a-6cdf-4700-82a0-b2f2029832f9',NULL,557.19,'2024-11-29 05:59:53','294491f9-10d6-4833-a9fd-c51f0f92be65','2024-12-22 04:13:45','2024-12-31 15:56:41'),('sale','a5b06a02-a349-4317-8934-2920186ac541',NULL,'f0ff3b26-226b-4b24-8864-97e68ed88572',586.00,'2024-05-25 17:51:48','2eacda36-6d62-48fb-b157-fc40f4b0b56d','2024-10-31 02:39:09','2024-11-06 05:13:15'),('purchase','da753d2b-0996-49ff-94b9-5d062e5fbccc','d7a2a6e5-d3e4-4158-8725-aedd64b715ff',NULL,422.56,'2025-02-04 06:57:32','2f1b85c3-7a26-4c46-97f8-242ee7f727b4','2024-09-19 13:22:34','2024-09-26 21:16:09'),('purchase','3e5f0108-77b4-4487-a48f-e54cdf83ca90','8d93b573-2241-429e-9827-32997af16934',NULL,474.02,'2024-09-26 14:03:40','3096cb9a-892a-4000-b08e-a9c99ad87d0c','2024-05-08 02:20:23','2024-05-10 22:22:59'),('sale','9921342c-d4e1-4690-a9f6-de7c13206cd3',NULL,'0b2ace88-fd76-40c2-b5b4-76a2c6cac5e5',427.42,'2024-12-26 06:45:48','31b39c6f-876c-4546-97c7-a62990dac448','2024-10-21 15:27:39','2024-10-27 16:30:28'),('sale','9b06c8ca-2966-4768-8037-fc2493964acf',NULL,'ccbb8b64-a238-4078-9543-3ba830e3e889',375.01,'2024-11-14 16:58:40','33891a29-161b-4e01-8320-643e9aee9f17','2024-07-01 13:50:54','2024-07-04 18:37:31'),('sale','21f7e01e-e682-4f9b-a9cf-ae183bac9baa',NULL,'c1a22f10-f54b-4b16-801c-56c1a1e1f08c',598.52,'2024-12-17 06:22:41','37c594c9-5eaf-4b12-a18b-8ee4e5248d2b','2024-09-28 02:11:51','2024-09-30 04:53:10'),('purchase','f0aea849-6a4d-4735-8f96-031de974f7a9','f838ced9-7dad-4387-b3f4-9177257f272d',NULL,390.57,'2024-05-14 21:21:36','38daaecc-0cfc-4268-9ec1-516d9596c8b0','2024-11-02 22:34:36','2024-11-09 08:23:11'),('sale','a745e3f3-aa22-438f-9c3f-7aef9084473d',NULL,'7cc9c9fc-4066-467f-a371-572cc21af643',420.88,'2024-12-28 01:38:56','395515d0-97ac-4f1b-83d5-6961f419a7cd','2025-01-13 05:41:15','2025-01-16 15:37:47'),('sale','067f3992-231a-4696-814e-24058121b4e9',NULL,'250efbbe-7415-4ef4-99cd-3a45da83a398',401.07,'2025-02-21 21:52:36','3a55c677-73db-4cc5-a0a7-7287a1824176','2024-06-05 21:22:54','2024-06-11 02:30:02'),('purchase','3ca9812c-44e6-4595-a6bd-70ac47e904d7','16b60866-39f3-4e7a-8972-71f527568e8a',NULL,376.68,'2025-03-08 02:52:31','3edfecc1-0a09-448d-87e8-bc7c99b4e623','2024-06-25 23:20:55','2024-07-04 20:05:35'),('purchase','5963d6df-f091-4a9f-b16c-d8dfaafa1b16','4be7437a-f892-4a1b-ab2e-a3474e5b9974',NULL,389.93,'2024-06-02 13:13:09','43284343-5d50-47ee-b890-177d662f9075','2025-02-10 13:02:20','2025-02-13 09:57:00'),('purchase','30cd4c01-5f33-4407-bd49-a47950b410e4','ee8686dc-a8d5-4b99-aeda-faee1ada61d6',NULL,520.86,'2024-09-19 19:45:11','43437edd-a46f-488b-91af-cf04452d3bf8','2024-10-25 01:32:47','2024-11-02 18:36:35'),('sale','b62e3666-c9cc-41ad-bfb0-106fefbf6d2e',NULL,'621e0237-2a0c-4bf7-9322-590fece76ff1',403.67,'2024-11-27 08:41:35','46496238-409e-4ffc-9630-9368c7ea03f8','2024-07-20 16:54:46','2024-07-25 00:30:09'),('purchase','bd06dfab-e111-4ac7-a1af-c1d348f5f059','c4e0d65f-aed1-4d46-820b-b0d2cd5463c4',NULL,582.72,'2024-09-08 12:54:03','47ec9010-be1f-4d6d-8ce0-3e51208c44a8','2024-10-16 02:12:19','2024-10-16 05:06:55'),('purchase','b32d71b0-a8f8-40c1-9c93-07c08a9bf661','c556e1d1-387c-40b5-8f77-4e3e26554736',NULL,598.03,'2025-01-07 04:07:55','49adc63e-fad0-42cb-a391-47db15ca66cd','2025-03-06 05:49:21','2025-03-12 15:42:09'),('sale','c5230781-7ca3-4307-ad8d-0b4590107a78',NULL,'00ac189f-299a-4000-b5f0-708b3e00e59e',591.40,'2024-11-21 12:31:14','4a9269b4-c1b6-4c14-b1ca-047c7887b1ef','2024-08-17 22:50:44','2024-08-21 17:42:49'),('purchase','dc87340a-cb86-4629-bb26-f6d45d04addf','0871401a-dbc0-49b7-aa36-926a061a7b3d',NULL,518.85,'2024-11-15 15:08:39','4d9abf63-4bb1-404e-934a-81e05f7a7f7e','2024-04-23 02:30:54','2024-04-23 08:36:35'),('purchase','004e14a6-3fa4-4221-a5f6-3d58e7acfd82','2cbeb928-a02a-411e-a739-f405582594ab',NULL,570.53,'2024-07-09 21:12:12','51aa56b4-7d5f-446f-945c-1516d735f06b','2025-01-19 15:20:27','2025-01-20 02:31:31'),('purchase','18c75b09-3bcf-4de4-9a9d-3559c58c23e7','bb09d3c0-b882-4e89-b43e-5a1b9dd223b2',NULL,542.12,'2024-08-10 06:34:21','538ad8c8-95a0-468a-bfe3-ae76d3404792','2024-07-29 04:48:59','2024-07-31 07:15:35'),('purchase','f22dcac4-6dd6-4ea8-a0eb-140ccb8281b4','ae1f11c7-7f3f-42a5-9a0f-6110152854ed',NULL,599.33,'2024-11-23 03:05:48','5403db5c-af43-4119-babf-597cb109b942','2024-09-29 18:56:21','2024-10-01 20:39:54'),('sale','a759aa63-ff30-4f90-9359-80c607420723',NULL,'98877b38-5e78-46c2-b4d6-bf93a5836836',423.86,'2024-10-15 11:40:34','54a70363-50b5-4f56-8656-60405bb7e9f6','2024-09-25 16:56:20','2024-10-02 14:33:45'),('purchase','6e2fd8c8-f3b2-4f3a-bfca-8914825a9bcc','8c236fd5-8088-4856-aa3a-fc09987f446a',NULL,537.84,'2024-08-05 04:38:10','58a71d6f-838d-4699-88c9-bb69bf9c6709','2024-12-21 18:11:27','2024-12-23 07:27:31'),('sale','c2680727-d584-41ce-a783-871b2e8a5ab2',NULL,'cb466586-2655-4f28-a3ee-2cac7f2439d0',549.24,'2024-08-06 15:46:59','5aa6ef76-afb6-41b7-9ba9-cf59358cba78','2025-01-05 04:59:27','2025-01-15 04:39:49'),('sale','79c3fcaf-137d-4b14-933d-58fcd41d211c',NULL,'9002c097-8cc4-44c6-be3d-3a19cb96316f',497.45,'2024-11-10 03:22:54','5ed27fee-1a3e-416c-bbcf-43ae4ead4a11','2024-12-05 15:12:49','2024-12-15 00:46:16'),('sale','e162106e-7f03-462d-8fc9-dc18eb7bb3e3',NULL,'3e42f579-ea7e-408b-8b35-9ce4d6103008',605.66,'2024-05-20 10:13:31','5f4bb93f-0f52-40b7-b30f-55ccf45cc9f0','2024-10-11 16:32:08','2024-10-19 16:07:47'),('sale','41e451e1-3ad0-4540-b9d8-25df2bf3956d',NULL,'86002269-8063-4387-8604-7f72bb0e1790',584.71,'2024-10-16 20:06:25','62374f1c-bcbe-47aa-9bef-ee0b1ca5bb5a','2024-12-13 06:27:34','2024-12-19 15:13:36'),('sale','3dd25400-ca67-4eec-8581-a79cd0ac9c4a',NULL,'18ff4178-1f7c-4f30-afb1-8846ab3219c4',405.72,'2024-11-22 20:42:32','669f35db-c5c2-4842-bb7a-18719a5d8a78','2024-09-06 04:26:03','2024-09-10 13:01:25'),('purchase','1ba1a2de-b3c7-4b34-b0e4-7b699c142927','238e4e7c-d0a1-4b71-94d0-224d6c64d40e',NULL,525.26,'2025-02-07 12:38:05','6baa43f5-b6b9-4926-b305-7ce32a17762d','2024-10-30 06:12:00','2024-11-06 10:50:44'),('purchase','ed213c7a-88e7-45fe-8e34-166320e55b02','052dc8bf-d40b-4771-94a5-f8cafaee3812',NULL,427.02,'2024-03-10 00:08:32','6c36c9db-d1a3-4513-8c35-b051a9a3f054','2024-05-17 19:41:37','2024-05-18 15:31:20'),('sale','ce5d85a7-3dbe-442c-8241-dbec6930d40e',NULL,'f77ecbb7-e373-4106-8155-9fec1ca55cf4',597.17,'2024-04-21 09:43:50','6e3ce63a-c08f-42c7-9ec9-7eff4eb2601b','2024-10-30 22:26:02','2024-11-06 22:18:09'),('purchase','5a8a3e8d-de8b-4af3-b455-485d15fe3b17','0b235638-f9dd-4c9a-b92b-058fc1c4401d',NULL,449.77,'2024-10-22 08:16:01','799b163e-c568-4e2a-8ede-85e265a731a5','2024-10-29 12:42:09','2024-11-01 15:44:56'),('sale','be02fa74-f55b-4fcf-94ec-1093ce8be07e',NULL,'b44919df-0810-4906-a714-e8997407837e',523.07,'2024-12-03 18:43:41','7af5a514-c2c9-430c-87f4-76bd227f9cfb','2025-01-02 21:50:14','2025-01-12 02:40:23'),('purchase','eec74f57-f506-4f70-ae42-f622733f5606','adde424a-64f2-4e9b-8e4d-07c66ae0787e',NULL,400.44,'2024-09-13 19:21:25','7e33b2f4-cb7d-4596-b66c-3c6cede52a87','2024-07-02 11:51:12','2024-07-10 17:55:46'),('purchase','fcdb53e4-a197-4d0c-a562-9173a09c8ec4','a997b450-7e18-45bf-bc74-c15d6d48c49f',NULL,562.05,'2024-03-26 22:01:47','8b71cf87-ae25-41b7-8976-aa1ea48ad64f','2024-04-08 00:47:50','2024-04-11 03:28:19'),('sale','09637b20-9c21-4047-942d-9c2754199b2e',NULL,'2454f4e2-dfdc-449d-b5ec-75927d218aa9',570.18,'2024-05-09 22:23:36','91720da7-fc28-413b-bc9a-946a78b3c391','2025-03-01 12:56:12','2025-03-09 18:27:53'),('sale','032a7751-b3bf-4a2f-9b33-41630e3b2f9f',NULL,'a9963f1f-b42d-47c7-b577-443240bd945b',431.07,'2024-07-24 20:03:49','923de69c-f242-4fea-b36e-42197f778833','2024-12-14 07:09:04','2024-12-22 23:41:52'),('purchase','d3145ea0-2253-4e19-b9f4-d01bf9ac94e8','0bcdbe43-9ef9-4faa-a54c-60b710b00c00',NULL,490.79,'2024-08-31 03:10:19','92d766e8-0f6e-4486-8db9-a84420c88679','2024-05-08 05:03:09','2024-05-15 06:41:20'),('purchase','1a78db66-5d68-41c2-91b5-b8caf6551eaf','e2069fe0-f1e1-472a-ab84-600da202d088',NULL,505.39,'2024-04-28 15:32:23','9693020c-6037-4e0d-b3d5-2cd81289cb27','2024-08-01 11:44:43','2024-08-09 06:22:35'),('sale','6412763c-0ca4-40b9-8588-67d5d2f388d6',NULL,'5b7df3df-c6fd-4161-aa95-4a9379d5b3e8',513.54,'2024-09-28 08:40:55','9a7f8a55-17ff-40fa-b6e5-7b94a96278ef','2025-03-06 08:14:27','2025-03-11 15:57:12'),('sale','dfaaaf6d-291c-41c2-9092-ee606208bdab',NULL,'3a8f0d26-82c9-40ed-b9d2-248fb0959cee',409.85,'2024-09-01 16:15:53','9d4b5259-57be-4973-b559-a91f7bea3e15','2024-11-20 09:58:34','2024-11-26 17:07:02'),('purchase','d3f9f054-4ca2-4c2c-8bb9-7845978b1415','3bd5d4ec-523b-48c0-a1fb-d22dc0f103e4',NULL,407.76,'2024-04-23 18:32:09','9e6aee26-c60a-49a1-ad1b-a17fbfc6d05a','2024-05-09 09:16:35','2024-05-17 13:21:27'),('sale','9224d747-ab81-4615-baca-b8918985e469',NULL,'d2d5ffc9-9a85-47b4-8b57-40060d49e341',428.55,'2024-10-25 14:41:40','9f371279-3269-4527-8ca4-b0007fd0bf06','2024-11-29 01:38:51','2024-12-07 03:35:10'),('sale','0b91c00c-cd6e-499e-a536-0d00c548bf0a',NULL,'97ce5b87-13ec-4da7-bc71-1a43788808a1',490.29,'2024-11-20 17:10:58','a32b967d-d572-47a7-80bc-98386c82fb27','2024-05-15 03:50:06','2024-05-20 02:49:36'),('sale','40e5df70-f216-494a-9ede-0ab9a649689d',NULL,'fe9f1af2-f964-4f7f-ab85-fc15823df375',526.32,'2024-06-13 02:50:40','a3c94ddd-637f-4407-8e23-a9e320ae8406','2024-07-20 15:45:31','2024-07-26 21:47:50'),('purchase','4f6e1352-be9d-446b-b195-87811796f9ba','071dc2aa-66c0-41db-a0d8-cb7efbee60e3',NULL,514.63,'2024-10-28 20:21:24','a572110a-a618-49b4-946f-62c60ffebe1a','2024-08-15 07:01:26','2024-08-17 11:11:16'),('purchase','41bb3abb-510f-4386-9c7a-315388bb7310','68b1acf0-3068-4412-895e-05f7724ce963',NULL,385.04,'2024-09-28 10:36:42','aaa16854-8118-4978-ab6e-10fb6487bd0e','2024-06-06 23:34:52','2024-06-14 08:41:53'),('purchase','210671d7-3f6f-4343-85fb-bda8916b6d51','16d802ba-ac24-49a0-9cfd-0f07c9b218c7',NULL,430.63,'2024-04-26 15:05:03','acd78a10-0f16-4c88-b546-b22e19bc4429','2024-05-24 22:59:33','2024-05-30 13:13:21'),('sale','82d36eae-e6d5-4c2d-b311-b81f1c31de51',NULL,'5970092f-16a9-4c89-b8cf-b469da8658ae',583.65,'2025-01-10 04:22:30','ad8fbd77-79db-4093-bec9-c5d1fb111260','2024-04-07 11:15:50','2024-04-11 11:42:10'),('purchase','ffa80346-bae3-46df-ac10-9ba49838c233','684c2c32-5e9c-4924-8f48-0a17a4c49615',NULL,617.00,'2025-02-23 01:57:21','ae8f97ef-2967-4055-8503-82628bdb4b95','2024-05-31 11:07:42','2024-06-06 16:03:24'),('sale','51cdf050-462e-48e8-ae2f-0c2145445908',NULL,'4ccf262e-5b01-48bc-a932-1f80696ce3da',545.65,'2024-04-13 02:48:46','aff3337b-819b-464c-ba35-cf3350915097','2025-02-25 11:27:44','2025-02-27 08:15:30'),('sale','af7e881d-5bcf-40f3-a5e4-4b54193a21e6',NULL,'b5fa3271-a2d9-460c-b409-85c6cfcdf7f9',580.84,'2024-04-03 03:18:56','b44a745d-d424-44ad-855d-dd0169cc3bbb','2024-08-24 23:50:45','2024-09-01 04:03:24'),('sale','814313a4-4d3b-44cd-895d-b42439559227',NULL,'ef14a5e6-e6b8-49e6-a254-919bf850bf25',409.04,'2024-11-09 03:45:11','b59fe27d-9a59-413a-b028-ad72983843fc','2024-04-11 21:52:54','2024-04-13 02:09:33'),('sale','5e912d42-20a1-4255-84dd-13ed78b9c519',NULL,'1ce294cf-6c16-43a3-bab3-282a9aef9a8a',578.06,'2025-01-17 04:40:39','b6111e7c-8771-4e1e-9bf3-cd6d3ba732fd','2024-07-08 11:52:50','2024-07-13 01:29:38'),('purchase','3976c68b-d862-4271-881e-2a140a6bc7d4','4c1f5227-fc36-4179-aa6a-e316abcd55fe',NULL,451.04,'2024-07-09 00:09:02','bbab9398-cff7-4f97-8122-e1050c4be6e8','2025-02-04 14:03:19','2025-02-05 00:25:08'),('sale','5512169d-5e3f-45b3-a43a-1507fe73d9e6',NULL,'cb0abdfc-e462-4021-9e3e-ab1aaa9d1f39',529.35,'2024-11-02 09:49:53','bfbb72b2-e0c7-4d27-b33f-8cd284bd92f3','2024-08-02 04:55:23','2024-08-03 01:01:05'),('purchase','27bd4985-c804-460d-b705-dc24bc4b6530','92f96983-a20c-4aab-88ef-cb302a3f651e',NULL,519.54,'2025-02-21 04:29:03','c051cf3d-5176-4a3a-a9b3-b5c110c9e7d3','2024-08-19 23:26:08','2024-08-22 13:32:57'),('purchase','ef671644-55b1-49ad-8c1c-c8f5fbd69639','2db1cd3d-311a-4c3a-bd00-4a4d1a13be96',NULL,388.95,'2024-08-24 13:10:03','c0dc797e-c258-408f-b835-826fbea83d7a','2024-04-13 02:23:19','2024-04-19 22:53:58'),('sale','27dc58d3-75d3-4449-8007-6d114e931743',NULL,'7758958f-a3f8-4d17-95aa-4034b884abcb',621.38,'2024-09-27 22:21:22','c628490c-798a-475e-bb90-df0b095f0f81','2024-03-26 17:35:00','2024-03-28 22:05:26'),('purchase','9d0160df-767c-4b7e-a38c-952de21925ab','631eae67-1705-4731-8f02-a970d555c3af',NULL,428.85,'2025-02-05 10:54:03','c858096d-8f7a-4893-95f5-d6d3795246d0','2024-05-30 01:22:03','2024-05-30 08:42:32'),('sale','bf17cb97-6879-45f9-94b2-fa8ea56deb2d',NULL,'6105d7b0-f025-4633-ac2f-e12441fb486c',512.85,'2024-07-11 15:50:44','caff208a-f480-41b7-aedc-9dd1b4687839','2025-01-28 11:57:27','2025-02-03 18:28:05'),('purchase','17e12e78-f2e1-40d5-acf6-a0fff5334c2e','83a3a3d4-c815-497b-a1fb-af8e738e2e6b',NULL,483.22,'2024-10-01 21:10:57','cb3bcd52-1959-4324-ac3a-7e9956da7445','2024-06-18 09:13:43','2024-06-24 23:36:25'),('sale','7355cced-573f-45e6-bf17-31ff82888a92',NULL,'dbbf994b-cfde-4e5e-bee1-5b705fcb7e32',570.27,'2025-01-11 07:47:41','d0ba9b77-6a3c-48da-a669-b001f7500da7','2025-02-08 12:03:24','2025-02-08 21:57:42'),('purchase','f05a8b48-8c75-451e-bf6f-413cfb447b99','0b3f4c92-cf2c-46a5-87c2-ca61e39780eb',NULL,479.28,'2024-08-02 15:10:01','d3548cb4-bc9c-45b0-8f1e-510d535c7116','2025-01-14 11:44:40','2025-01-15 23:44:15'),('sale','3b156283-ec6f-4ed3-9815-56e0dc370873',NULL,'75c5f856-f7c4-4819-be50-2fec9c2e268b',427.52,'2024-05-13 04:18:03','d716e8c8-8fda-4011-9b5b-cd28bf40cb53','2024-08-09 15:54:32','2024-08-15 19:11:49'),('purchase','ac048898-641e-4ce9-81ef-25579bfa6cde','9258463e-d589-4b00-85ec-d2b5f7babf88',NULL,438.36,'2024-03-31 11:48:50','de4f5c38-a13d-42b7-9f69-b9c052aea059','2024-06-02 22:18:49','2024-06-11 07:16:18'),('purchase','b2ae8d42-5c5d-4ad1-9eee-8de94a8ca170','2dd74ea9-3ed1-4227-b535-bcf8ff5c3247',NULL,468.75,'2024-07-29 16:50:25','e04dd66f-ac9e-4208-9076-b6c2a8de95fd','2024-07-28 07:51:25','2024-08-02 04:58:07'),('purchase','cff50333-c901-4d23-b1d8-27c6ffdc60fa','b5ccfcf2-8a1c-4764-95ac-6a5e192337d1',NULL,604.16,'2024-07-24 12:17:05','e2938a55-fd1d-45c0-a2fb-56a25e8b8e6e','2024-07-27 07:08:16','2024-08-04 16:03:49'),('sale','85bafeb2-1635-4cba-9543-88c2e9988acb',NULL,'508ccf7c-ea7f-470a-8b88-c150c1ba20d4',477.90,'2024-09-21 12:28:46','e3364b1d-7be7-4cde-bcf9-4f343bba51ce','2025-02-18 10:19:24','2025-02-28 08:45:06'),('sale','686187cb-f9b2-4708-b39b-6c2a26930921',NULL,'74889488-ffb1-4ba0-8416-364bbd025a67',555.73,'2024-07-24 15:41:53','e468530c-6147-4493-82c5-56016c12a726','2025-03-05 18:41:06','2025-03-10 05:43:10'),('sale','284629f4-6230-4711-9eec-27e0765799e1',NULL,'19bf4679-d0d4-4fac-bdc4-941817ba1f53',572.49,'2025-01-27 22:49:22','e4addb78-e576-4a1a-a8f2-3cbe7a40c280','2024-09-07 12:13:31','2024-09-11 10:27:53'),('purchase','37f867e8-801c-4f76-b3b8-a930f90c493c','3f961069-c237-43d9-9a80-7f54574270cb',NULL,512.58,'2025-02-01 05:00:33','eb7ea698-39a6-4102-a841-3d84473c6198','2025-01-06 21:14:57','2025-01-11 20:20:28'),('purchase','a081d1ec-d593-4473-bef8-a81b95e442e2','2cbd8cd4-bb30-4cd9-a8b6-567d0cecadaa',NULL,484.60,'2024-07-22 12:16:20','ec51912c-0e92-4f65-a7cd-2e4aa4b107fa','2025-02-22 04:06:49','2025-02-22 18:56:47'),('purchase','5ae3b5df-a69d-4def-859c-0b7ee3926032','dabe5f4b-ace2-4d90-8c9a-0183b4633fa0',NULL,452.46,'2025-02-15 22:53:04','ecad403d-602b-4693-a772-7210f26f8875','2024-05-22 17:39:22','2024-05-26 04:50:22'),('sale','095ba754-c95d-4fab-b9e4-a830ea9391da',NULL,'251a0a64-f938-4345-ba81-dd7d31b833fb',391.39,'2024-05-11 06:06:19','f24396e3-2c53-4eac-9da3-3e5fdc980680','2024-03-15 11:08:38','2024-03-20 02:11:53'),('sale','38c0b3af-ba05-4467-b3e3-68dd3034c187',NULL,'f7e97578-b73a-4a37-a14b-75a4fe1f6515',619.96,'2024-09-22 05:59:43','f514ff09-56c7-4e0a-95a5-e04bb6247a12','2024-10-07 12:27:01','2024-10-16 05:49:37'),('purchase','de84f7b1-e0f3-4716-8b8c-5c65e3318113','43bcfecc-2b72-42f8-bb09-c923780ccf8e',NULL,581.34,'2024-10-02 16:20:12','f607c045-9995-4b29-861b-eae23aa2978a','2024-06-27 03:50:14','2024-07-05 01:55:52'),('purchase','7ba9f121-4a54-403a-aa89-2a508718a92b','05236c1b-7507-405b-a5c3-df4d62d714fc',NULL,430.70,'2025-02-06 14:30:18','f80197c9-16f2-48d6-8a58-5df556f5a50f','2024-11-14 18:11:45','2024-11-15 15:25:31'),('purchase','db529b81-d977-46a9-aa05-d8997eaf37bc','97cbcdd7-8863-4eb4-96f8-86b93691438b',NULL,617.26,'2024-05-11 23:58:52','f8400fee-260a-46b7-8572-efa7f23ec482','2024-05-17 17:27:28','2024-05-26 12:11:17'),('sale','b990472c-627c-492b-b5d8-4f9756af7e3f',NULL,'5356c1e1-2500-4fa0-a3ce-a04570fc974e',507.41,'2024-09-03 14:56:05','f8d656ec-8c55-4f38-a98b-3058136a260f','2024-10-30 18:40:45','2024-11-08 18:28:12'),('purchase','92ce875b-f6b8-4d73-942d-4e7c150e9288','eb073618-7fc9-454b-8437-193656b5250c',NULL,590.53,'2024-06-03 12:53:50','f8e3482f-9e4f-4de7-a612-ac59f5dc201d','2024-08-22 03:38:59','2024-08-23 15:29:40'),('sale','d2a6e41e-9909-4c59-8893-fad7ec5826a1',NULL,'fa9c8682-b604-4107-bbcc-c5cf41f78ddd',451.85,'2024-04-14 01:32:16','fc2b1bb8-c0cb-4f3f-9e26-0490f4d0e0d6','2024-03-21 15:03:55','2024-03-25 20:28:55');
/*!40000 ALTER TABLE `transactions` ENABLE KEYS */;
UNLOCK TABLES;

--
-- Table structure for table `users`
--

DROP TABLE IF EXISTS `users`;
/*!40101 SET @saved_cs_client     = @@character_set_client */;
/*!50503 SET character_set_client = utf8mb4 */;
CREATE TABLE `users` (
  `first_name` varchar(128) NOT NULL,
  `last_name` varchar(128) NOT NULL,
  `username` varchar(60) NOT NULL,
  `email` varchar(128) NOT NULL,
  `password` varchar(128) NOT NULL,
  `role` enum('SUPERUSER','ADMIN','STAFF') NOT NULL,
  `is_active` tinyint(1) DEFAULT NULL,
  `id` varchar(60) NOT NULL,
  `created_at` datetime DEFAULT NULL,
  `updated_at` datetime DEFAULT NULL,
  PRIMARY KEY (`id`),
  UNIQUE KEY `username` (`username`),
  UNIQUE KEY `email` (`email`)
) ENGINE=InnoDB DEFAULT CHARSET=utf8mb4 COLLATE=utf8mb4_0900_ai_ci;
/*!40101 SET character_set_client = @saved_cs_client */;

--
-- Dumping data for table `users`
--

LOCK TABLES `users` WRITE;
/*!40000 ALTER TABLE `users` DISABLE KEYS */;
INSERT INTO `users` VALUES ('Leon','Tonner','ltonner4172','leon.tonner@hotmail.com','&*C!ZTR*8e9!','STAFF',0,'004e14a6-3fa4-4221-a5f6-3d58e7acfd82','2024-05-04 10:43:49','2024-05-08 19:58:23'),('Yorgo','Chantree','ychantree14135','yorgo.chantree@gmail.com','$#hm8&K!','STAFF',1,'032a7751-b3bf-4a2f-9b33-41630e3b2f9f','2024-11-14 02:03:02','2024-11-16 13:58:26'),('Loralee','Rosgen','lrosgen42228','loralee.rosgen@gmail.com','!*4QCR126$!$CK','STAFF',0,'05edfe70-a8d6-41e2-8be3-438b768ee3c5','2024-05-03 06:59:50','2024-05-08 08:12:40'),('Currie','Rubens','crubens30846','currie.rubens@yahoo.com','m3@8%%&o4','STAFF',0,'067f3992-231a-4696-814e-24058121b4e9','2024-08-24 01:39:42','2024-08-26 18:29:22'),('Christy','Sibley','csibley3484','christy.sibley@gmail.com','p#*!!5!*i4&','STAFF',1,'095ba754-c95d-4fab-b9e4-a830ea9391da','2024-07-27 20:12:35','2024-08-05 04:37:15'),('Jeanine','Goodburn','jgoodburn3205','jeanine.goodburn@gmail.com','*!NVh!%#','STAFF',1,'09637b20-9c21-4047-942d-9c2754199b2e','2024-08-30 23:23:45','2024-09-02 08:16:37'),('Haven','Gaine of England','hgaine of england51964','haven.gaineofengland@gmail.com','!q1b4r&**2*0%XuS','ADMIN',0,'0b91c00c-cd6e-499e-a536-0d00c548bf0a','2024-05-08 17:34:59','2024-05-09 05:16:26'),('Kiley','McRuvie','kmcruvie58157','kiley.mcruvie@aol.com','nW$*!hQXg4','SUPERUSER',1,'17e12e78-f2e1-40d5-acf6-a0fff5334c2e','2024-08-28 10:11:47','2024-09-05 21:08:33'),('Larisa','Whereat','lwhereat28566','larisa.whereat@yahoo.fr','X!**M!8*P&','ADMIN',0,'18c75b09-3bcf-4de4-9a9d-3559c58c23e7','2024-07-02 09:45:23','2024-07-10 11:57:09'),('Clarie','Lindsey','clindsey52083','clarie.lindsey@hotmail.com','*3*8m!!*M!','STAFF',0,'1a78db66-5d68-41c2-91b5-b8caf6551eaf','2024-11-03 05:50:29','2024-11-11 17:12:39'),('Vincenty','Kollatsch','vkollatsch33145','vincenty.kollatsch@wanadoo.fr','**ml!15J2*%$&5!G','ADMIN',1,'1b5c4a80-5143-4469-b3ff-bc8614d6f296','2025-01-20 04:08:29','2025-01-21 14:47:03'),('Web','Corballis','wcorballis26946','web.corballis@earthlink.net','!90n$8N!*','STAFF',1,'1ba1a2de-b3c7-4b34-b0e4-7b699c142927','2024-12-27 00:38:04','2025-01-01 19:58:46'),('Ludovika','Ruit','lruit21033','ludovika.ruit@gmail.com','!*%*!V6X!!U*','ADMIN',1,'210671d7-3f6f-4343-85fb-bda8916b6d51','2024-10-26 08:10:47','2024-10-29 03:14:36'),('Amelita','Duckworth','aduckworth63524','amelita.duckworth@yahoo.com','S&!#2!&7&I56#2%','ADMIN',1,'21f7e01e-e682-4f9b-a9cf-ae183bac9baa','2024-11-12 11:02:44','2024-11-21 01:26:13'),('Forster','Celloni','fcelloni817','forster.celloni@yahoo.com','8Q8!32U&!0*fv','STAFF',0,'27bd4985-c804-460d-b705-dc24bc4b6530','2024-05-26 22:52:13','2024-05-30 06:17:53'),('Helen','Chipps','hchipps10668','helen.chipps@gmail.com','!u6%#1*0!$*8Y&2','ADMIN',0,'27dc58d3-75d3-4449-8007-6d114e931743','2024-05-05 09:23:14','2024-05-08 00:10:37'),('Dianne','Bonnette','dbonnette40910','dianne.bonnette@yahoo.com','7&l1xaR0rHY','SUPERUSER',1,'284629f4-6230-4711-9eec-27e0765799e1','2025-03-04 09:07:46','2025-03-05 06:51:06'),('Glynda','Nutten','gnutten50437','glynda.nutten@yahoo.com','!*gsCk#!*','SUPERUSER',0,'28942a87-1b09-4b40-a70c-e1ae9fc65ef4','2024-05-13 17:47:44','2024-05-16 07:36:04'),('Tanney','Artis','tartis9568','tanney.artis@hotmail.com','h3!kd0*#3&%%*','STAFF',0,'30cd4c01-5f33-4407-bd49-a47950b410e4','2024-09-19 11:31:52','2024-09-22 14:29:44'),('Estrellita','Mc Mechan','emc mechan25604','estrellita.mcmechan@gmail.com','696Y&!3%0xm**3S','STAFF',1,'37f867e8-801c-4f76-b3b8-a930f90c493c','2024-06-19 22:26:25','2024-06-27 05:10:31'),('Betteanne','Cherrison','bcherrison47410','betteanne.cherrison@yahoo.com','$nfyrN!jd23!!!','SUPERUSER',0,'38c0b3af-ba05-4467-b3e3-68dd3034c187','2024-06-08 03:16:50','2024-06-16 16:27:37'),('Krystalle','Spacie','kspacie8607','krystalle.spacie@hotmail.com','cV*E#*#6xD','ADMIN',1,'3976c68b-d862-4271-881e-2a140a6bc7d4','2024-11-09 05:30:31','2024-11-11 19:33:07'),('Fiann','Shrawley','fshrawley54946','fiann.shrawley@gmail.com','*$h**1*t!!!v***','ADMIN',1,'3b156283-ec6f-4ed3-9815-56e0dc370873','2025-01-31 12:28:05','2025-02-03 18:29:45'),('Upton','Rubinovici','urubinovici16678','upton.rubinovici@hotmail.fr','S#$!*YaYX&L5w','SUPERUSER',0,'3ca9812c-44e6-4595-a6bd-70ac47e904d7','2025-01-05 00:36:00','2025-01-07 10:26:22'),('Rudiger','Norley','rnorley65421','rudiger.norley@live.co.uk','6*!w&6&b8VY','SUPERUSER',0,'3dd25400-ca67-4eec-8581-a79cd0ac9c4a','2025-02-23 03:02:35','2025-03-01 06:35:45'),('Duffy','Madgwick','dmadgwick15065','duffy.madgwick@yahoo.com','$6$N*#!!2qm','STAFF',0,'3e5f0108-77b4-4487-a48f-e54cdf83ca90','2024-09-27 12:45:32','2024-10-04 05:32:22'),('Ker','Gribbon','kgribbon6836','ker.gribbon@hotmail.com','&*kN!%0*$zSEdF!$','SUPERUSER',1,'40e5df70-f216-494a-9ede-0ab9a649689d','2025-02-16 05:52:06','2025-02-18 00:54:02'),('Angie','Wyre','awyre30910','angie.wyre@yahoo.com','*mN*&48*x%!s','ADMIN',1,'41bb3abb-510f-4386-9c7a-315388bb7310','2024-07-04 05:15:26','2024-07-09 05:25:53'),('Marcelia','Kareman','mkareman62679','marcelia.kareman@yahoo.com','r!3!UZ!*t&0#','STAFF',1,'41e451e1-3ad0-4540-b9d8-25df2bf3956d','2024-06-22 12:17:36','2024-07-01 21:37:42'),('Patrizia','Brasier','pbrasier33087','patrizia.brasier@outlook.com','*p!&&50!DN#Ja%*u','STAFF',1,'4f6e1352-be9d-446b-b195-87811796f9ba','2024-04-13 16:46:15','2024-04-22 04:03:45'),('Gerald','Minnock','gminnock44771','gerald.minnock@ymail.com','!7*!3$*&o9!%!','STAFF',0,'51cdf050-462e-48e8-ae2f-0c2145445908','2024-04-15 16:20:38','2024-04-25 15:00:09'),('Meta','Kidds','mkidds44290','meta.kidds@gmail.com','Umnqo6C*4','STAFF',0,'5512169d-5e3f-45b3-a43a-1507fe73d9e6','2024-08-26 08:04:34','2024-08-28 00:29:09'),('Luce','Geelan','lgeelan12998','luce.geelan@hotmail.com','*&c!Y%3%B!*I!$1','STAFF',0,'5963d6df-f091-4a9f-b16c-d8dfaafa1b16','2024-08-01 23:38:32','2024-08-02 18:14:14'),('Filip','Demougeot','fdemougeot4387','filip.demougeot@msn.com','2!!FB$!**','STAFF',0,'5a54ad20-fe88-47aa-9604-fe80abc51e49','2025-02-09 16:05:26','2025-02-10 22:26:38'),('Thom','Stairmond','tstairmond25981','thom.stairmond@yahoo.com','*7*!#$!*a!*9C#*','SUPERUSER',1,'5a8a3e8d-de8b-4af3-b455-485d15fe3b17','2024-03-15 09:25:04','2024-03-22 11:38:56'),('Brit','Greep','bgreep3508','brit.greep@yahoo.com','NpJz8pWQ*!7jt$07','STAFF',1,'5ae3b5df-a69d-4def-859c-0b7ee3926032','2024-08-22 07:04:42','2024-08-25 07:46:00'),('Fee','Sugg','fsugg38999','fee.sugg@aol.com','mH*7pn%x&64A2','ADMIN',0,'5e912d42-20a1-4255-84dd-13ed78b9c519','2024-05-29 12:00:37','2024-06-04 00:37:03'),('Andrej','Pischel','apischel13812','andrej.pischel@gmail.com','*!*&%qg*$%','ADMIN',0,'6292e07a-8a60-42c4-a138-c98af12bc304','2024-07-15 11:14:46','2024-07-23 14:09:42'),('Cordie','Ewols','cewols59326','cordie.ewols@yahoo.com','2I1S&rCKG*T!*b!*','STAFF',1,'62b9c5aa-27af-43ad-95ab-f3bc2234cd3f','2024-06-07 01:55:22','2024-06-16 10:08:57'),('June','Showl','jshowl59780','june.showl@hotmail.com','&9*!$&%Vt*A**#99','ADMIN',1,'6412763c-0ca4-40b9-8588-67d5d2f388d6','2024-06-05 11:02:13','2024-06-09 17:29:50'),('Dawna','Guiot','dguiot8511','dawna.guiot@yahoo.com','&%L9*!#9!**5V*0V','STAFF',1,'686187cb-f9b2-4708-b39b-6c2a26930921','2024-07-05 21:02:03','2024-07-11 22:20:41'),('Manfred','Le Grand','mle grand57453','manfred.legrand@hotmail.com','$&q27Go@t','ADMIN',0,'69a9337a-efa2-49df-9a5a-d65fb11d73c5','2025-01-22 20:01:29','2025-01-26 17:47:10'),('Alissa','Surmeyers','asurmeyers38312','alissa.surmeyers@yahoo.com','*7*!qZ#!rx','SUPERUSER',1,'6e2fd8c8-f3b2-4f3a-bfca-8914825a9bcc','2024-09-14 22:04:53','2024-09-18 19:38:47'),('Bethena','Chasemoore','bchasemoore27302','bethena.chasemoore@hotmail.fr','**h!!**5&!Y@!7','ADMIN',1,'6fb8b0de-b7ae-42f5-a60a-cfac84f25861','2024-09-18 03:52:58','2024-09-19 22:06:03'),('Kaila','Cottingham','kcottingham6367','kaila.cottingham@gmail.com','U!e6h!*@*$','ADMIN',1,'7355cced-573f-45e6-bf17-31ff82888a92','2025-02-08 07:49:10','2025-02-14 03:53:16'),('Wilhelmina','Hasney','whasney35185','wilhelmina.hasney@comcast.net','%qL9*RW4!N','ADMIN',0,'79c3fcaf-137d-4b14-933d-58fcd41d211c','2024-09-29 00:25:23','2024-10-02 23:35:02'),('Geri','Christophe','gchristophe64839','geri.christophe@yahoo.com','!*GW!F!$W$V*F','SUPERUSER',0,'7b156842-c68c-4e16-b602-1d91b157c3db','2024-06-15 14:23:24','2024-06-24 21:03:18'),('Lila','Bassett','lbassett48839','lila.bassett@hotmail.com','ce!#&#!w&*!!','ADMIN',0,'7b2783b6-4bf6-46a9-8c26-ae2f6f2b45d9','2024-07-28 08:14:33','2024-07-31 14:04:13'),('Bevon','Jahn','bjahn43000','bevon.jahn@gmail.com','#4*e8I4L*N5sz','SUPERUSER',1,'7ba9f121-4a54-403a-aa89-2a508718a92b','2024-05-03 17:31:50','2024-05-13 11:53:12'),('Cody','Newvill','cnewvill18226','cody.newvill@yahoo.com','!9*&4r4*','STAFF',1,'814313a4-4d3b-44cd-895d-b42439559227','2024-06-30 20:02:55','2024-07-09 21:32:47'),('Bertie','Corradi','bcorradi97','bertie.corradi@live.com','i!8*$!z*P#','STAFF',1,'82d36eae-e6d5-4c2d-b311-b81f1c31de51','2024-11-18 05:28:21','2024-11-27 16:37:16'),('Dominik','Schlag','dschlag54741','dominik.schlag@orange.fr','FY&I*l!l6y','ADMIN',0,'85bafeb2-1635-4cba-9543-88c2e9988acb','2024-07-02 21:39:23','2024-07-05 19:12:32'),('Ceil','Pigny','cpigny24837','ceil.pigny@hotmail.com','%!!dR*u%I!I$$','SUPERUSER',1,'8975dfc7-2cdb-41e6-be79-1845f8189df6','2025-01-05 14:50:26','2025-01-06 00:06:01'),('Tootsie','Motherwell','tmotherwell25604','tootsie.motherwell@hotmail.es','%SZLhL*$28*!!','ADMIN',1,'9224d747-ab81-4615-baca-b8918985e469','2024-09-05 18:18:58','2024-09-12 19:01:39'),('Erin','Francino','efrancino37711','erin.francino@yahoo.com','MQM3T$#*Z','STAFF',0,'92ce875b-f6b8-4d73-942d-4e7c150e9288','2025-02-08 20:50:32','2025-02-16 21:06:40'),('Tommy','Blaske','tblaske41465','tommy.blaske@gmail.com','*7&2i*Hr#*','STAFF',0,'9921342c-d4e1-4690-a9f6-de7c13206cd3','2024-06-01 05:37:32','2024-06-03 15:38:16'),('Roberta','Mabee','rmabee34996','roberta.mabee@bellsouth.net','5X*q9qL!26*H*','ADMIN',1,'9b06c8ca-2966-4768-8037-fc2493964acf','2024-03-20 18:29:11','2024-03-30 14:43:33'),('Tilly','Chieze','tchieze20695','tilly.chieze@yahoo.co.jp','!4!!$*#4!$%7*l','STAFF',0,'9d0160df-767c-4b7e-a38c-952de21925ab','2025-02-27 23:48:24','2025-03-01 14:34:47'),('Alden','Forsaith','aforsaith7586','alden.forsaith@yahoo.com','$**!56*8Z!*','SUPERUSER',1,'a081d1ec-d593-4473-bef8-a81b95e442e2','2025-01-23 16:06:57','2025-01-29 00:46:13'),('Daisi','Grinyakin','dgrinyakin12610','daisi.grinyakin@hotmail.com','N0893%&!','SUPERUSER',0,'a5b06a02-a349-4317-8934-2920186ac541','2024-07-28 11:08:23','2024-08-03 14:02:04'),('Lanette','Izkovicz','lizkovicz27081','lanette.izkovicz@yahoo.co.uk','!sF3!**!11v4','STAFF',1,'a745e3f3-aa22-438f-9c3f-7aef9084473d','2024-10-04 11:31:55','2024-10-09 16:48:26'),('Curcio','Aberkirdo','caberkirdo25823','curcio.aberkirdo@gmail.com','q!sB!w3*&Q&F!I','STAFF',0,'a759aa63-ff30-4f90-9359-80c607420723','2024-12-08 05:10:48','2024-12-17 21:50:37'),('Lavina','Stockey','lstockey32488','lavina.stockey@free.fr','zl*!xRu*A','ADMIN',1,'ac048898-641e-4ce9-81ef-25579bfa6cde','2024-09-22 10:50:36','2024-09-29 14:20:22'),('Gardie','Dolley','gdolley6903','gardie.dolley@uol.com.br','%&i8!&&la*%*!','STAFF',0,'af7e881d-5bcf-40f3-a5e4-4b54193a21e6','2024-08-23 04:34:13','2024-08-26 12:41:57'),('Angele','Golling','agolling42835','angele.golling@aol.com','&1*&**F@8%','SUPERUSER',1,'b2ae8d42-5c5d-4ad1-9eee-8de94a8ca170','2024-03-28 12:47:18','2024-03-30 08:40:54'),('Devondra','Boyington','dboyington50012','devondra.boyington@msn.com','yKBY*!3*x*iTM*z','ADMIN',0,'b32d71b0-a8f8-40c1-9c93-07c08a9bf661','2024-08-28 23:46:11','2024-09-07 15:08:24'),('Daisie','Boyes','dboyes30503','daisie.boyes@yahoo.com','ovfR2%**47y*U*6','SUPERUSER',0,'b62e3666-c9cc-41ad-bfb0-106fefbf6d2e','2024-04-05 07:53:35','2024-04-14 11:37:35'),('Curtis','Whenham','cwhenham29311','curtis.whenham@hotmail.com','!*!*4l!*!3o6*','STAFF',1,'b990472c-627c-492b-b5d8-4f9756af7e3f','2025-02-08 10:58:58','2025-02-12 03:01:12'),('Abelard','Pevsner','apevsner35791','abelard.pevsner@aol.com','%2$b629&%a!**','STAFF',1,'bbd5ca09-544c-4d54-be83-59c9cb33f699','2024-08-21 13:01:21','2024-08-22 13:32:09'),('Gratiana','Guyon','gguyon7782','gratiana.guyon@yahoo.com','*!!*%5!**#!','STAFF',1,'bd06dfab-e111-4ac7-a1af-c1d348f5f059','2024-09-28 04:58:49','2024-10-06 08:32:11'),('Tanney','Lomasney','tlomasney33852','tanney.lomasney@hotmail.com','*c4*5!g$wG*b6$*','ADMIN',1,'be02fa74-f55b-4fcf-94ec-1093ce8be07e','2024-09-06 19:12:45','2024-09-12 14:19:13'),('Travers','Tremoille','ttremoille26532','travers.tremoille@hotmail.com','28!%6*m9','ADMIN',1,'bf17cb97-6879-45f9-94b2-fa8ea56deb2d','2024-12-12 04:02:22','2024-12-13 17:15:09'),('Patty','Bridywater','pbridywater51632','patty.bridywater@yahoo.co.uk','**!2w*jU!*4&!!','STAFF',1,'c09f839a-ecd6-46e8-916f-935eaa6b1e6c','2024-06-28 15:50:15','2024-07-05 03:11:07'),('Emeline','Howkins','ehowkins11933','emeline.howkins@gmail.com','MhM*Jv!4','SUPERUSER',0,'c2680727-d584-41ce-a783-871b2e8a5ab2','2024-10-14 10:19:42','2024-10-16 20:18:44'),('Meredith','Rosenblad','mrosenblad47344','meredith.rosenblad@hotmail.com','V!D!q*Io!zZS$','STAFF',0,'c5230781-7ca3-4307-ad8d-0b4590107a78','2024-11-22 09:17:14','2024-11-29 22:33:34'),('Donnie','Kitching','dkitching9689','donnie.kitching@gmail.com','E!*2x%&0','SUPERUSER',0,'cbf4fb04-580e-407e-bbe6-ed32a9e272fb','2024-03-28 02:03:41','2024-04-05 11:02:38'),('Barry','Wessing','bwessing36732','barry.wessing@aol.com','%!*#8!c%&5%6!!','STAFF',1,'ce5d85a7-3dbe-442c-8241-dbec6930d40e','2024-07-01 00:43:26','2024-07-09 08:56:13'),('Allene','Lapthorne','alapthorne65289','allene.lapthorne@gmail.com','H62**b2uIr','STAFF',1,'cff50333-c901-4d23-b1d8-27c6ffdc60fa','2025-02-11 22:05:01','2025-02-13 00:23:58'),('Zeb','Carling','zcarling56284','zeb.carling@gmail.com','e!b#*!%*6J!','STAFF',1,'d0a1c4d8-d1d6-4ead-bc66-d35120dd5e83','2025-02-12 08:10:59','2025-02-13 18:22:50'),('Alfie','Knobell','aknobell31188','alfie.knobell@yahoo.fr','18$*3&$jL!t*L','ADMIN',1,'d0a93444-5d15-4bd1-ba70-7e6229a63902','2024-05-28 08:40:52','2024-05-30 06:24:46'),('Spense','Roantree','sroantree24244','spense.roantree@hotmail.com','3Fow!**0!h0','STAFF',0,'d2a6e41e-9909-4c59-8893-fad7ec5826a1','2024-07-24 23:15:55','2024-08-02 22:34:58'),('Jacob','Doddemeade','jdoddemeade37720','jacob.doddemeade@hotmail.com','!$f0D@u*H@','SUPERUSER',0,'d3145ea0-2253-4e19-b9f4-d01bf9ac94e8','2024-11-02 19:38:28','2024-11-03 13:26:15'),('Ali','Janic','ajanic44179','ali.janic@yahoo.com.br','**$&2!6N$!84*7O0','STAFF',1,'d3f9f054-4ca2-4c2c-8bb9-7845978b1415','2024-11-27 10:35:07','2024-12-04 23:27:53'),('Carrie','Muldowney','cmuldowney27751','carrie.muldowney@gmail.com','!Q**&7!!!7%','SUPERUSER',0,'d5c25175-4f80-48a8-90c1-2acb02ed7edf','2024-06-15 06:54:01','2024-06-15 20:26:43'),('Sloane','Hanscombe','shanscombe39348','sloane.hanscombe@yahoo.com','!B&6Y#*3*!0c','SUPERUSER',0,'d7578984-2955-403e-9696-9792453b796b','2024-06-24 19:12:58','2024-06-25 21:07:06'),('Lurette','Onthank','lonthank52149','lurette.onthank@hotmail.fr','4sL#!$**z','ADMIN',0,'da753d2b-0996-49ff-94b9-5d062e5fbccc','2024-03-28 09:47:00','2024-04-02 09:13:18'),('Tommie','Kiley','tkiley35434','tommie.kiley@earthlink.net','!Cn*98E6U9M!','ADMIN',1,'db529b81-d977-46a9-aa05-d8997eaf37bc','2024-11-07 22:53:28','2024-11-16 07:53:00'),('Maurise','Zecchini','mzecchini43258','maurise.zecchini@orange.fr','hhdW*70*!i','STAFF',0,'dc87340a-cb86-4629-bb26-f6d45d04addf','2024-12-28 16:31:34','2025-01-02 15:19:08'),('Elsworth','Thon','ethon30025','elsworth.thon@yahoo.com','3N*3!!S$88k**$','ADMIN',0,'de84f7b1-e0f3-4716-8b8c-5c65e3318113','2024-09-09 12:19:24','2024-09-18 22:15:54'),('Sarajane','Phelps','sphelps54736','sarajane.phelps@gmail.com','!r&Mu&PMG!2q','SUPERUSER',0,'dfaaaf6d-291c-41c2-9092-ee606208bdab','2024-12-22 01:15:29','2024-12-23 04:32:11'),('Gwenny','Siggins','gsiggins5220','gwenny.siggins@hotmail.com','bti3!0%*!H*lb*u','SUPERUSER',1,'e162106e-7f03-462d-8fc9-dc18eb7bb3e3','2024-04-29 22:01:03','2024-05-01 13:41:05'),('Roselia','Blune','rblune24559','roselia.blune@gmail.com','K&juTpyg*!%G2G&','STAFF',0,'ed213c7a-88e7-45fe-8e34-166320e55b02','2024-07-05 00:55:24','2024-07-13 22:24:06'),('Rance','Voce','rvoce11085','rance.voce@yahoo.fr','EF$**e2Q','ADMIN',0,'eec74f57-f506-4f70-ae42-f622733f5606','2024-11-28 00:23:43','2024-12-03 14:16:45'),('Tanya','M\'Quharge','tm\'quharge65444','tanya.mquharge@gmail.com','#!0&*&E!$!#','ADMIN',1,'ef671644-55b1-49ad-8c1c-c8f5fbd69639','2025-02-26 08:57:01','2025-03-02 12:54:11'),('Shaw','Prettyman','sprettyman60490','shaw.prettyman@yahoo.com.sg','*!W!XR!!#B9!ak3c','ADMIN',0,'f05a8b48-8c75-451e-bf6f-413cfb447b99','2024-08-04 22:48:41','2024-08-10 22:11:29'),('Nanny','Corps','ncorps41875','nanny.corps@gmail.com','!UI0*R%*$!','ADMIN',0,'f0aea849-6a4d-4735-8f96-031de974f7a9','2025-02-04 18:23:11','2025-02-05 19:14:41'),('Efrem','Quarrell','equarrell63276','efrem.quarrell@yahoo.com','!xki!Jd!%','SUPERUSER',1,'f22dcac4-6dd6-4ea8-a0eb-140ccb8281b4','2024-04-03 15:54:22','2024-04-05 21:54:49'),('Ringo','Chidgey','rchidgey43839','ringo.chidgey@yahoo.com','Jx#%#*5%&*$','ADMIN',1,'fbfe33e1-683d-40cd-9dc6-bd25c6cc2f87','2024-07-30 08:17:09','2024-08-07 16:49:08'),('Merwyn','Moakler','mmoakler49961','merwyn.moakler@gmx.de','8!!7!5DX%R!q','ADMIN',0,'fcdb53e4-a197-4d0c-a562-9173a09c8ec4','2025-01-25 10:28:47','2025-01-28 02:43:32'),('Ladonna','Barock','lbarock46331','ladonna.barock@yahoo.fr','!j1a$FN!@','STAFF',1,'ffa80346-bae3-46df-ac10-9ba49838c233','2024-05-16 06:10:58','2024-05-18 15:53:54');
/*!40000 ALTER TABLE `users` ENABLE KEYS */;
UNLOCK TABLES;
/*!40103 SET TIME_ZONE=@OLD_TIME_ZONE */;

/*!40101 SET SQL_MODE=@OLD_SQL_MODE */;
/*!40014 SET FOREIGN_KEY_CHECKS=@OLD_FOREIGN_KEY_CHECKS */;
/*!40014 SET UNIQUE_CHECKS=@OLD_UNIQUE_CHECKS */;
/*!40101 SET CHARACTER_SET_CLIENT=@OLD_CHARACTER_SET_CLIENT */;
/*!40101 SET CHARACTER_SET_RESULTS=@OLD_CHARACTER_SET_RESULTS */;
/*!40101 SET COLLATION_CONNECTION=@OLD_COLLATION_CONNECTION */;
/*!40111 SET SQL_NOTES=@OLD_SQL_NOTES */;

-- Dump completed on 2025-03-09 13:39:55
